"Cyrus","Shirly","Dews","Loren","Tori","Fraleigh"
"Arnold","Kelle","Saintignon","Earle","Erline","Honore"
"Jay","Lucilla","Agoff","Wallace","Geneva","Sit"
"Leonel","Lakeesha","Ubaldo","Herbert","Melina","Hool"
"Clark","Lidia","Stasny","Renaldo","Dominque","Lecompte"
"Russell","Shin","Liceaga","Don","Katlyn","Kennaugh"
"Mervin","Roxy","Lapek","Columbus","Aleida","Jaffee"
"Frances","Emma","Oblander","Issac","Gianna","Ponting"
"Shad","Ilana","Hilsabeck","Nathan","Clare","Betzig"
"Issac","Alesia","Kernen","Maxwell","Shelly","Whelchel"
"Bradford","Flo","Viegas","Randell","Doreen","Remson"
"Neil","Lila","Huxhold","Rick","Asia","Mcburney"
"Derek","Ernestine","Karch","Dick","Mayra","Islas"
"Norberto","Gayla","Tiefenauer","Thomas","Gisele","Mcglynn"
"Titus","Lucina","Eggart","Solomon","Kelsie","Bellingham"
"Darren","Hulda","Longhi","Jody","Lucina","Gadway"
"Mike","Joel","Sorrells","Cleo","Ena","Bohnet"
"Stanton","Ardelle","Pobre","Manuel","Chara","Neiford"
"Marty","Sueann","Chmelik","Wade","Mike","Loatman"
"Jay","Lady","Teruel","Oswaldo","Jerilyn","Zweig"
"Vance","Shawnna","Picone","Edmundo","Shara","Lebish"
"Hayden","Augustina","Azoulay","Danial","Johnny","Apo"
"Pasquale","Kym","Kovacic","Hobert","Adria","Reder"
"Josh","Corina","Emberton","Brett","Keila","Bevens"
"Huey","Kymberly","Hendry","Ramon","Celine","Resh"
"Reginald","Nicholle","Lira","Graham","Gwyn","Windover"
"Claud","Sarai","Punja","Bobbie","Francina","Tosto"
"Will","Ronna","Gehringer","Adam","Allena","Rullo"
"Daryl","My","Schwoyer","Frances","Tracee","Menkin"
"Britt","Rosalina","Gatzow","Kent","Lawrence","Amoah"
"Arlie","Alaina","Grafenstein","Matthew","Tanesha","Easter"
"Carroll","Rozella","Tortoriello","Lavern","Pasty","Bliven"
"Humberto","Linette","Morada","Arron","Na","Glausier"
"Broderick","Joaquina","Pinn","Antone","Jessi","Loverich"
"Sid","Kacie","Rolseth","Sergio","Keren","Harmen"
"Rueben","Bobbi","Musilli","Dario","Alma","Aningalan"
"Murray","Shanika","Kobylinski","Clifton","Rosie","Javarone"
"Alfred","Yahaira","Babecki","Gerard","Un","Fuerstenau"
"Reynaldo","Pearle","Valli","Jere","Hanna","File"
"Doug","Margret","Saxe","Ferdinand","Myong","Earvin"
"Faustino","Vashti","Mullins","Arlen","Ivory","Menne"
"Matthew","Mahalia","Gulledge","Jeffrey","Bonnie","Robeson"
"August","Trish","Cassani","Ron","Jenae","Karter"
"Clifford","Jacinda","Cleckley","Gale","Lanelle","Panah"
"Jacob","Devon","Dellaripa","Damien","Elicia","Groshong"
"Pasquale","Shanita","Moment","Bryant","Sandra","Rayes"
"Stephen","Randy","Megna","Branden","Lashawna","Phou"
"Lawrence","Ada","Capellas","Dante","Oralia","Betsch"
"Saul","Caron","Mccoulskey","Johnie","Myung","Cholakyan"
"Jim","Lynetta","Boufford","Haywood","Kristie","Curling"
"Blake","Priscila","Mitchell","Corey","Deadra","Cardova"
"Scot","Seema","Feery","Gabriel","Justine","Ritenour"
"Amos","Arianna","Deptula","Bradford","Natashia","Bogardus"
"Haywood","Vivien","Stoutenburg","Omer","Kena","Capellas"
"Mitchel","Alethea","Sein","Lewis","Larae","Mintken"
"Chance","Charise","Riesgraf","Keith","Leanora","Pich"
"Alberto","Sherly","Gahr","Gonzalo","Genevive","Stgermaine"
"Adalberto","Reginia","Nerenberg","Oren","Tawna","Vandixon"
"Lucius","Jackelyn","Kassman","Les","Maegan","Diseth"
"Hosea","Collene","Donahoe","Andrew","Estefana","Brisendine"
"Robin","Naoma","Albus","Rodney","Bruna","Pontbriand"
"Darwin","Chung","Coil","Fermin","Celinda","Keiter"
"Adolfo","Cherryl","Oregan","Alfred","Georgianna","Arundel"
"Kelvin","Selene","Baggenstoss","George","Tora","Collini"
"Stan","Ashlie","Iams","Bradly","Madison","Matsuzaki"
"Eloy","Leona","Yung","Andreas","Lindy","Gails"
"Antone","Ellie","Demott","Micheal","Erlinda","Motamedi"
"Cedric","Reba","Offenberger","Clair","Misti","Caillier"
"Jorge","Torrie","Legaard","Stacey","Leisha","Leite"
"Mervin","Aurore","Jerez","Jules","Jessie","Arrant"
"Orville","Jovan","Plassmeyer","Santos","Venus","Tousey"
"Timothy","Jon","Frisella","Dee","Romana","Sylvain"
"Damon","Desire","Kuehneman","Tyson","Princess","Geitz"
"Brock","Lynell","Mcginity","Jarrod","Bettina","Mcwaters"
"Ronald","Lakia","Belnas","Chauncey","Bernadette","Roquemore"
"Gene","Adele","Cummisky","Dane","Katheleen","Lebrecque"
"Lance","Isidra","Fannell","Cecil","Tona","Woodyard"
"Dwayne","Jadwiga","Hinchman","Ollie","Tiffanie","Mcgarrah"
"Ahmad","Lily","Renzullo","Jamie","Shanda","Murano"
"Elmer","Madalyn","Perks","Donnie","Diedre","Dene"
"Dwain","Loida","Mamoran","Isiah","Larita","Darrigo"
"Tyrone","Britney","Vanasselt","Emmanuel","Josette","Folmer"
"Heath","Dee","Marin","Vernon","Kathrine","Shows"
"Joan","Vashti","Stflorant","Ross","Keena","Gzym"
"Doug","Livia","Brieno","Ruben","Eleni","Malstrom"
"Stacy","Kaylene","Valdivieso","Shane","Lida","Stumpe"
"Marquis","Oleta","Berkhalter","Ira","Janee","Schwamberger"
"Walker","Maragaret","Wentzell","Rolland","Genevieve","Dashiell"
"Enoch","Callie","Jervey","Issac","Christene","Moura"
"Craig","Mittie","Brienen","Jeff","Marina","Havenhill"
"Louie","Fe","Rybarczyk","Von","Maxie","Dabe"
"Pablo","Sharda","Manire","Jonah","Marita","Schrumpf"
"Jake","Izola","Qare","Tracey","Colby","Falson"
"Leandro","Elsy","Stanko","Franklin","Faye","Galetta"
"Salvatore","Lala","Zheng","Jay","Dianna","Uhlig"
"Gustavo","Phylicia","Poppel","Dwight","Mariana","Turnell"
"Garfield","Shawna","Nebeker","Sean","Tisha","Gitchell"
"Andy","Whitley","Quigg","Vito","Jazmin","Schloemann"
"Stewart","Jaymie","Padovano","Freeman","Jamie","Salazer"
"Franklyn","Carrie","Vivian","Logan","Gwenda","Cozzone"
"Ty","Brianne","Fugh","Garfield","Kristy","Brumlow"
"Augustus","Donnetta","Hufton","Hoyt","Cassey","Meads"
"Brock","Ming","Skrocki","Alexander","Mahalia","Riase"
"Gerardo","Narcisa","Furgerson","Solomon","Hwa","Men"
"Jeffrey","Shirley","Slaughterbeck","Robby","Tressie","Broderson"
"Dario","Dagmar","Manery","Alton","Cayla","Szarek"
"Clayton","Rina","Etherton","Dusty","Tesha","Susa"
"Wally","Francisca","Schulkin","Brant","Jacquline","Voegeli"
"Bennett","Jetta","Dagis","Cortez","Gudrun","Pape"
"Harry","Leon","Newberger","Landon","Kelli","Sava"
"Randell","Remona","Aplin","Michale","Keely","Moevao"
"Von","Vashti","Maya","Mose","Shenna","Soellner"
"James","Tarah","Mallett","Russel","Tiera","Doceti"
"Sammie","Cody","Santistevan","Chad","Jenette","Macari"
"Sean","Margarette","Bastidos","Fabian","Theo","Maltos"
"Micah","Jolynn","Lamoreux","Noel","Lyla","Lennart"
"Brooks","Kristine","Kleinman","Marc","Twanda","Mclernon"
"Carlos","Merrilee","Mathewson","Coy","Laticia","Ryce"
"Walker","Laverne","Defonce","Rodrigo","Rosie","Pelley"
"Larry","Mitsue","Blasing","Harvey","Bernice","Perona"
"Seth","Cammy","Lostetter","Diego","Latoyia","Naegeli"
"Augustus","Lahoma","Cashmer","Jewell","Noreen","Staber"
"Louis","Hassie","Rattu","Jake","Beatris","Oestmann"
"Vince","Tiffani","Spinuzzi","Erasmo","Ammie","Karnas"
"Joe","Leida","Trickey","Jere","Rubye","Barakat"
"Domenic","Lourie","Saarela","Ollie","Giuseppina","Weisz"
"Shane","Tia","Scot","Deshawn","Sherlyn","Kaveny"
"Freddie","Gerry","Boore","Frank","Staci","Anglin"
"Shad","Lynelle","Burvine","Darell","Jesica","Uplinger"
"Raymon","Virgie","Leibman","Quentin","Annelle","Fitzen"
"Carey","Hannelore","Timson","Dave","Delana","Lendon"
"Thaddeus","Laurence","Pitassi","Garland","Carl","Widgeon"
"Merle","Nanette","Forquer","Edmundo","Darlene","Evanko"
"Jerrell","Jacki","Freilich","Antonia","Dorthy","Bykowski"
"Alfonzo","Shawnta","Trevey","Norman","Yuk","Youngdahl"
"Warren","Chiquita","Sudak","Garrett","Adella","Eastes"
"Noah","Tyler","Abdelaziz","Kennith","Gala","Norviel"
"Kip","Angeline","Armiso","Homer","Porsche","Mcmurray"
"Esteban","Alyce","Dawley","Damion","Wanetta","Chianese"
"Erin","Rozanne","Giddins","Jamar","Minnie","Hermandez"
"Peter","Zenobia","Spracklen","Anthony","Sheryl","Mestre"
"Hipolito","Nancee","Kealoha","Dwayne","Carola","Stanway"
"Heath","Ivette","Arline","Jamaal","Aiko","Denise"
"Marcel","Kerry","Endris","Rodrigo","Ossie","Citrano"
"Erich","Wilhelmina","Evilsizer","Damian","Nicola","Nicosia"
"Jarrod","Catharine","Jarchow","Dillon","Manda","Ruscio"
"Dale","Dion","Dicker","Austin","Teodora","Marungo"
"Mikel","Sylvia","Orszulak","Caleb","Christinia","Motamed"
"Werner","Leanne","Utsler","Keenan","Rosenda","Doering"
"Darin","Glendora","Streed","Emerson","Cristina","Mokiao"
"Jimmy","Theo","Mckinstry","Weldon","Myrle","Brine"
"Enrique","Marjorie","Kossin","Timmy","Miss","Feery"
"Elmer","Yael","Garen","Leroy","Debby","Boster"
"Coy","Fabiola","Depaula","Leif","Charita","Azapinto"
"Kerry","Nona","Indest","Major","Antonia","Vielhauer"
"Arnulfo","Patrick","Rosavio","Erin","Chi","Secord"
"Keith","Marielle","Freedle","Clayton","Hannelore","Borrolli"
"Donte","Kelsey","Bashir","Aaron","Angelica","Bostel"
"Adrian","Ludivina","Nottingham","Errol","Ayana","Walmsley"
"Murray","Carmelita","Norwood","Chadwick","Kylee","Obeng"
"Arthur","Ruthann","Finey","Jordon","Chante","Trupiano"
"Clay","Anne","Walema","Loyd","Armandina","Markworth"
"Lawerence","Susann","Kloss","Del","Collen","Bijou"
"Stuart","Robena","Barne","Loren","Shanna","Casillas"
"Warner","Annie","Traughber","Dean","Leola","Viscome"
"Andrea","Jule","Skagerberg","Kieth","Lorrie","Dallaire"
"Cameron","Lissa","Bebo","Gustavo","Nicki","Pablo"
"Otha","Lashawn","Specchio","Colby","Lavelle","Beigert"
"Chas","Zora","Gascho","Salvatore","Eden","Katt"
"Bryon","Rubie","Kabat","Leonard","Natalya","Ranildi"
"Boris","Luis","Rahal","Isiah","Evita","Evoy"
"Omar","Marvel","Burnard","Frederick","Georgianna","Gagnier"
"Ernest","Karren","Arcuri","Mckinley","Ida","Yasui"
"Quentin","Reagan","Moton","Gene","Cathi","Trucks"
"Rico","Amy","Martell","Nicolas","Marita","Burness"
"Norris","Audrea","Filak","Randy","Tyisha","Vinson"
"Keneth","Joellen","Hoetger","Rodrick","Fred","Meisenburg"
"Eugenio","Shona","Montz","Jasper","Sarina","Chugg"
"Joel","Eden","Korshak","Lucien","Ashlyn","Suermann"
"Joaquin","Michell","Renault","Jeremy","Christiana","Rogers"
"Phillip","Carolina","Vittone","Ted","Charlena","Lyman"
"Van","Elwanda","Borjas","Wilbert","Delma","Letterman"
"Clay","Iesha","Preer","Rey","Ronda","Bailor"
"Jeromy","Sunni","Schraeder","Darrick","Luann","Dougharty"
"Korey","Julietta","Wilkenson","Mack","Darci","Bitterman"
"Eduardo","Jeannetta","Borowiak","Darren","Lynelle","Sylvis"
"Winford","Rosalva","Asmussen","Phil","Vesta","Zwinger"
"Jude","Rosita","Husni","Irwin","Geneva","Cruey"
"Carey","Marry","Gurnee","Ismael","Luba","Truog"
"Armando","Raquel","Bertling","Lucien","Yung","Barut"
"Charles","Basilia","Autrey","Dong","Dorene","Ostaba"
"Elvin","Adelina","Schellenger","Eduardo","Dorene","Cornforth"
"Gayle","Jolie","Kaneshiro","Clark","Tilda","Vulgamore"
"Nelson","Tatum","Hoh","Alexis","Song","Clune"
"Laverne","Miki","Clagg","Lacy","Kera","Sinha"
"Harland","Kasi","Shorb","Jacob","Cristy","Monestine"
"Lane","Constance","Eclarinal","Abe","Elvira","Torgersen"
"Raleigh","Donald","Cohee","Preston","Olivia","Graboski"
"Jack","Sindy","Busbin","King","Jeannette","Worsfold"
"Marvin","Zora","Mcrorie","Arturo","Salome","Paynter"
"Garrett","Cherly","Omersa","Thomas","Latia","Buckholz"
"Manual","Florrie","Boyne","Garfield","Gwyn","Stitz"
"Clay","Lekisha","Huegel","Anderson","Octavia","Pavelski"
"Walton","Tabitha","Wanke","Berry","Marina","Eoff"
"Loyd","Alene","Losinski","Theron","Katharyn","Dehaan"
"Delbert","Perry","Castillon","Emmanuel","Refugia","Waltos"
"Terrell","Leontine","Presley","Jeramy","Dora","Lawman"
"Raymond","Anastasia","Burkhammer","Santo","Joi","Rotch"
"Cristopher","Marvis","Lemmen","Mathew","Kyoko","Evancho"
"Grady","Kathlyn","Czelusniak","Dewitt","Tami","Muchler"
"Brooks","Margrett","Jaurez","Brock","Bernardina","Bolender"
"Margarito","Mayola","Marotta","Danny","Brook","Karsten"
"Sid","Domenica","Albarez","Santo","Amanda","Reinartz"
"Avery","Cameron","Roggeman","Austin","Herminia","Solheim"
"Kory","Laurice","Frenette","Gerry","Mitchell","Fenstermaker"
"Porfirio","Elisha","Matakonis","Freddy","Inge","Whitener"
"Collin","Flo","Ulerio","Sammy","Racheal","Daleo"
"Andreas","Paola","Loskot","Roberto","Lilla","Windsor"
"Kurt","Cary","Laracuente","Vicente","Rosemarie","Nikocevic"
"Toby","Rachelle","Luckhardt","Orlando","Sima","Dearborn"
"Francis","Angelique","Schelle","Vito","Dierdre","Korpela"
"Jefferson","Palma","Biez","Werner","Winifred","Fugh"
"Forrest","Alyssa","Tewell","Marc","Domenica","Smaw"
"Kenny","Margaret","Dopf","Todd","Malinda","Rosenkoetter"
"Luke","Lorina","Banome","Federico","Jessia","Wraspir"
"Dan","Leanora","Wanders","Andrea","Alissa","Massett"
"Xavier","Norene","Sansotta","James","Cruz","Goretti"
"Michael","Janina","Stracquatanio","Elliot","Vella","Walla"
"Carlton","Shane","Ruyle","Marcelino","Ivey","Weigart"
"Justin","Illa","Venema","Scottie","Tricia","Skenandore"
"Bryan","Thora","Flosi","Clinton","Tanja","Schauble"
"Colby","Candy","Delbrune","Clifford","Fred","Reon"
"Edison","Tania","Rewitzer","Lacy","Virgen","Schiappa"
"Leland","Arlyne","Zirk","Morton","Paula","Burk"
"Anibal","Sanjuanita","Kubas","Leopoldo","Lois","Hartgerink"
"Trinidad","Amy","Jome","John","Prudence","Kennemuth"
"Morgan","Delsie","Schnobrich","Tad","Ninfa","Gaton"
"Ellis","Mercedes","Blose","Augustine","Anisha","Skyberg"
"Milan","Stephany","Leona","Chase","Tonette","Heberle"
"Harley","Yolanda","Messing","Cristobal","Angelia","Niswender"
"Markus","Wava","Kaminetzky","Cody","Hyacinth","Mcgrann"
"Brett","Ming","Engelhaupt","Harland","Janyce","Gantz"
"Harold","Erin","Pescador","Corey","Loretta","Foecking"
"Maynard","Terica","Wehmeier","Chuck","Migdalia","Haub"
"Jackie","Ayana","Meissner","Cesar","Maryland","Rinaldo"
"Efrain","Doretha","Guynup","Kris","Tamesha","Ferriolo"
"Ron","Paulita","Connley","Les","Joella","Mcshaw"
"Young","Christian","Diedrich","King","Piper","Serabia"
"Kirby","Love","Zaretsky","Renato","Bonny","Melandez"
"Newton","Kattie","Knupp","Randell","Phung","Bierbower"
"Tuan","Raelene","Beddows","Woodrow","Petrina","Bouton"
"Hugo","Susannah","Acors","Harold","Viki","Obrein"
"Herschel","Felicita","Gillie","Kenneth","Miss","Labrum"
"Bryce","Lillie","Levalley","Jeffry","Larraine","Krolczyk"
"Clay","Zelma","Yurovic","Emory","Francina","Viggiano"
"Shelby","Yolanda","Sattler","Douglas","Heide","Teng"
"Desmond","Yajaira","Freyman","Jackson","Mariko","Langloss"
"Darrin","Margery","Azeem","Josiah","Tijuana","Geerken"
"Chase","Elaina","Grzesiak","Keenan","Dara","Rainey"
"Tommie","Viva","Britt","Forrest","Geneva","Nick"
"Ernesto","Oralia","Breiland","Marion","Jenell","Fargnoli"
"Lazaro","Cris","Nofsinger","Sammy","Therese","Chauez"
"Christoper","Arianna","Bussell","Josef","Lovella","Gurecki"
"Dylan","Cythia","Lainhart","Frederick","Elinore","Ovadilla"
"Tory","Kelle","Ericsson","Elwood","Keeley","Kleidon"
"Victor","Isa","Ermatinger","Jacob","Annemarie","Vanleer"
"Kraig","Leatrice","Chavarria","Armando","Sheba","Congrove"
"Bert","Stephani","Power","Cornelius","Geraldine","Gamble"
"Spencer","Shanel","Pohlmann","Wilfredo","Juliann","Ringelspaugh"
"Waylon","Sara","Okelly","Jamaal","Hermila","Maland"
"Lamar","Valencia","Ringen","Dwight","Patrice","Flagler"
"Booker","Laurice","Kwit","Broderick","So","Dahlke"
"Loren","Donald","Trachsel","Broderick","Divina","Schroen"
"Ivan","Rosy","Caire","Terence","Viviana","Alarie"
"Grover","Verlene","Baj","Kraig","Belkis","Marze"
"Cristopher","Madelaine","Matthewson","Steven","David","Gherman"
"Reid","Cassi","Moscato","Stacy","Starla","Kuras"
"Waylon","Detra","Kuliga","Carroll","Georgianne","Foard"
"Rusty","Felicitas","Filburn","Roy","Victoria","Sen"
"Darrell","Despina","Persky","Gino","Louis","Hinojosa"
"Bennie","Jamie","Try","Darron","Bula","Ohlsen"
"Modesto","Roselyn","Southworth","Gerardo","Jenee","Tommasino"
"Andrea","Sharleen","Rippy","Hong","Hannah","Gutting"
"Osvaldo","Alexander","Bognuda","Donnie","Anthony","Barringer"
"Abraham","Pei","Will","Trent","Jacquie","Favaro"
"Wilfred","Ruth","Caldas","Elvin","Le","Knestrick"
"Randy","Keiko","Huitzacua","Clifton","Lucrecia","Kamada"
"Otha","Patrick","Spielberg","Kirby","Lissette","Nabarowsky"
"Lino","Danille","Biron","Bennie","Josefa","Yamane"
"Desmond","Angele","Ricciardi","Randell","Raina","Chipps"
"Antony","Delena","Hierro","Bradly","Bess","Brody"
"Diego","Ewa","Rapuano","Tobias","Melinda","Kubicz"
"Wilber","Sonya","Tolmich","Julian","Annamaria","Birkhimer"
"Scot","Liane","Rameriz","Julian","Roselle","Elkington"
"Hassan","Brandee","Voskamp","Cleo","Magnolia","Jovanovic"
"Daren","Adelina","Douty","Willy","Candida","Drock"
"Renaldo","Tessa","Pap","Brock","Christie","Swafford"
"Bennie","Donna","Kluender","Sung","Belinda","Nesbeth"
"Rocco","Herminia","Ivans","Cordell","Christie","Charron"
"Wallace","Tina","Pullum","Bert","Jose","Mcghan"
"Omer","Celine","Oberloh","Jermaine","Verda","Ohs"
"Ahmed","Denice","Wojtowicz","Roscoe","Grazyna","Maggi"
"Vicente","Darleen","Yelverton","Elmer","An","Palermo"
"Alfred","Pamela","Felberbaum","Hank","Fransisca","Mckeon"
"Gene","Shay","Grinter","Sang","Paulette","Haggett"
"Erwin","Maisha","Dopf","Whitney","Lanie","Parillo"
"Ron","Desire","Moisant","Al","Alina","Owers"
"Olin","Clarinda","Pugliese","Tristan","Dede","Mccabe"
"Harlan","Bailey","Margaitis","Francis","Drema","Rinne"
"Juan","Latoyia","Artiaga","Jimmie","Odell","Hemsley"
"Reuben","Tessie","Tamborlane","Rolando","Lizbeth","Keas"
"Lucien","Malisa","Notwick","Hugo","Louie","Ramrez"
"Ethan","Annemarie","Gurrad","Brian","Melvina","Lucarell"
"Valentin","Jolyn","Spaulding","Steve","Albertha","Battaglia"
"Dustin","Tiffanie","Seftick","Carlton","Kellie","Grissam"
"Simon","Akilah","Boje","Eduardo","Kyra","Fielder"
"Lawerence","Tyesha","Sietz","Daren","Zoe","Stahlberg"
"Mason","Dreama","Paravano","Jefferey","Lori","Fleurant"
"Geoffrey","Isidra","Pavella","Sammy","Shakia","Epping"
"Lawerence","Kayce","Zimmerebner","Edmundo","Sina","Waterson"
"Frances","Monique","Lopaz","Manuel","Shonna","Edmund"
"Alfonzo","China","Ichinose","Jon","Isela","Lottie"
"Cameron","Maxie","Toppi","Felton","Neoma","Zosel"
"Kevin","Maryam","Swenor","Loren","Odell","Sigwart"
"Murray","Ione","Scoggan","Maxwell","Nga","Anerton"
"Cyril","Twana","Tiangco","Stevie","Creola","Pullen"
"Claud","Joseph","Kinroth","Joaquin","Jeanine","Bacon"
"Curtis","Rufina","Smidt","Ellsworth","Soila","Demario"
"Alec","Stephanie","Kisselburg","Dick","Ignacia","Reckner"
"Aldo","Delia","Sprafka","Angelo","Andra","Brint"
"Tristan","Patti","Casarrubias","Tom","Jeana","Rottner"
"Gene","Laraine","Madi","Normand","Madelaine","Moskos"
"Aurelio","Maxima","Pedlar","Alfonzo","Dominga","Grossetete"
"Woodrow","Shirely","Tharrington","Barney","Veronika","Berman"
"Monty","Vita","Macdiarmid","Israel","Mike","Sardin"
"Anthony","Catheryn","Jimison","Greg","Tien","Hoak"
"Jerrold","Astrid","Neufville","Patricia","Suzanne","Bratz"
"Trinidad","Cristin","Stupar","Terrell","Latrisha","Capwell"
"Andy","Albert","Covitz","Nathaniel","Leona","Spero"
"Dorian","Dorethea","Arlen","Milo","Shirleen","Kaza"
"Sung","Danyelle","Rabelo","Craig","Augustina","Grumbach"
"Emmett","Bettyann","Vanderlip","Leon","Genesis","Firoozbakht"
"Carlo","Mammie","Lertora","Kareem","Joi","Mcquillan"
"Melvin","Alysia","Stubbins","Wendell","Cheree","Finchman"
"Horace","Coleen","Keesee","Garland","Madelaine","Thissen"
"Wilbur","Shakia","Friling","Phil","Ranae","Johniken"
"Lester","Tracee","Gonyou","Weston","Lala","Devincent"
"Lamont","In","Agin","Hiram","Wanita","Stewart"
"Dante","Minnie","Keezer","Felton","Lashandra","Dwight"
"Gilbert","Julienne","Spiry","Dwain","Bernetta","Sallie"
"King","Cinderella","Mcnurlen","Freeman","Kaylene","Noll"
"Gaylord","Pauletta","Schnelle","Jerry","Cordia","Rances"
"Morgan","Dorthea","Reuter","Daryl","Carletta","Koelle"
"Dorian","Beaulah","Appert","Reuben","Ara","Polintan"
"Kendall","Mickey","Sette","Robbie","Yi","Delucchi"
"Quentin","Nora","Dimucci","Weston","Elena","Sien"
"Weston","Meda","Sunga","Jules","Prudence","Trumbull"
"Alton","Donnetta","Benderman","Shawn","Toya","Seliga"
"Leroy","Florentina","Tsakonas","Theron","Otelia","Everroad"
"Zackary","Jame","Breen","Darron","Shaneka","Sproull"
"Kerry","Glenda","Villarta","Lynwood","An","Rueluas"
"Lee","Donna","Boeh","Gaylord","Diane","Goliday"
"Raymundo","Keren","Baublitz","Conrad","Gwyn","Gerdts"
"Olin","Casie","Jugo","Edward","Kai","Snater"
"Rosario","Adrienne","Duntley","Reid","Leonila","Terrett"
"Wilfredo","Lorna","Mirante","Jared","Suk","Mouret"
"Bert","Tanisha","Paranada","Dennis","Lily","Thurm"
"Prince","Babette","Nicklaus","Kennith","Gerri","Bedward"
"Clyde","Roselle","Don","Mitch","Shela","Kissik"
"Roberto","Thao","Tomsich","Antwan","Layla","Sluter"
"Demarcus","Millie","Czysz","Emery","Orpha","Shaddock"
"Dannie","Gail","Bustinza","Brett","Phylis","Pekrul"
"Ricky","Kera","Bisping","Archie","Charlene","Gamino"
"Julian","Tiara","Englett","Trent","Katrice","Katon"
"Domingo","Asuncion","Lofte","Cory","Jewell","Saale"
"Rogelio","Berry","Thammorongsa","Eloy","Lurlene","Dotie"
"Eldridge","Elane","Swoap","Norbert","Britney","Parekh"
"Quinn","Agripina","Wichert","Bret","Kitty","Fleishman"
"Williams","Cassondra","Graden","Roosevelt","Margert","Ybos"
"Wayne","Princess","Meserole","Perry","Zina","Buttimer"
"Derick","Eleonor","Miramon","Bret","Patrica","Guillama"
"Randy","Taisha","Fontaine","Evan","Queen","Karcich"
"Brenton","Lizabeth","Langmyer","Chase","Katina","Fair"
"Ralph","Cristen","Nickl","Parker","Despina","Naud"
"Long","Cristine","Hodde","Zachary","Laurice","Pendry"
"Rubin","Rebeca","Chastant","Bobbie","Sarina","Lethco"
"Chong","Daysi","Amons","Wilbert","Kacie","Asselta"
"Weldon","Roxanne","Henke","Donnie","Berniece","Housholder"
"Quincy","Kelley","Messman","Randall","Lynne","Mcaferty"
"Walker","Lilian","Corbo","Kyle","Cristy","Brick"
"Walter","Jordan","Courchesne","Rodrigo","Kallie","Petesic"
"Chong","Bessie","Calley","Mohammad","Gretchen","Cui"
"Jame","Callie","Trevis","Colton","Shantel","Lemear"
"Morton","Dagny","Gerache","Lee","Malorie","Demling"
"Bud","Cristine","Grounds","Chauncey","Kathern","Kalafarski"
"Joe","Loyce","Prillaman","Jamel","Corine","Pyeatt"
"Carlos","Blanche","Bagnell","Angelo","Brandy","Morishita"
"Buford","Signe","Kleefisch","Columbus","Berneice","Elsner"
"Sammy","Sanjuanita","Rodes","Jeremiah","Laverne","Cancino"
"Nelson","Roxann","Mccaster","Kevin","Tricia","Denenberg"
"Alan","Felice","Milbourn","Ray","Betty","Nasser"
"Ward","Laura","Dudek","Mark","Meg","Carnine"
"Leland","Jerri","Lao","Claud","Constance","Michealson"
"Vance","Guadalupe","Martiniz","Gayle","Bobbye","Chelette"
"Denver","Gertrudis","Simmens","Moshe","Tawny","Gracely"
"Aurelio","Asuncion","Rizzi","Gregg","Albert","Benari"
"Deon","Ollie","Lino","Jerrell","Gemma","Teresi"
"Enoch","Yesenia","Krone","Nolan","Linnea","Nixson"
"Darrin","Iola","Milak","Orval","Catrice","Mckamey"
"Richard","Felicia","Batchelor","Milan","Davida","Drebes"
"Dustin","Dinah","Timmerman","Britt","Kerstin","Ronsani"
"Teddy","Gala","Gimenez","Jeffery","Donita","Weight"
"Tyrone","Julee","Pariente","Myles","Carla","Killick"
"Wilmer","Noel","Caughran","Abram","Miguelina","Leverton"
"Mckinley","Eura","Milelr","Randall","Philomena","Stableford"
"Ike","Stefanie","Yannotti","Jess","Wesley","Vanvleet"
"Chas","Kelle","Keating","Brendan","Whitley","Arostegui"
"Jean","Breanna","Casso","Rufus","Abigail","Schuiling"
"Werner","Larae","Scarfi","Chas","Kaylene","Swarey"
"Darius","Ines","Heraty","Walker","Cythia","Stasa"
"Dominique","Lynetta","Crismon","Teodoro","Pamula","Kakos"
"Guillermo","Omega","Wait","Walker","Beverley","Siford"
"Paris","Patria","Bretto","Jacques","Paul","Gaulzetti"
"Leigh","Adena","Moscovic","Donte","Brooke","Srnsky"
"Chad","Freda","Matuke","Rick","Katheryn","Tidrick"
"Matt","Vicki","Millerr","Marcelino","Phillis","Prus"
"Garret","Charles","Waggaman","Quinton","Christena","Harnly"
"Galen","Shanelle","Bottella","Jackie","Gertha","Mihalek"
"Jc","Genny","Bailard","Ray","Flo","Knappe"
"Cornell","Magdalena","Paquette","Shawn","Pattie","Sorvillo"
"Kareem","Marvis","Kraska","Miquel","Sherrie","Broitzman"
"Van","Leone","Truehart","Domenic","Margarita","Akers"
"Lewis","Vivan","Thulin","Gregg","Becky","Buker"
"Antoine","Minna","Sadak","Fritz","Gennie","Hempton"
"Maria","Mardell","Rimel","Luke","Margit","Kuwana"
"Wes","Ashlea","Salina","Pierre","Analisa","Papranec"
"Michale","Willow","Nott","Mitch","Laila","Hedman"
"Elroy","Bettyann","Kurowski","Grady","Roxana","Zorens"
"Prince","Santa","Sydow","Chris","Arcelia","Morphis"
"Tommie","Lisbeth","Maiolo","Monroe","Sarina","Ginsel"
"Marcos","Helaine","Loggens","Russ","Roxana","Kolopajlo"
"Dexter","Precious","Hozempa","Porter","Carmella","Borth"
"Herman","Leeanne","Bergeaux","Bradley","Sherie","Karlin"
"Rocky","Martina","Raptis","Carrol","Tyisha","Trieu"
"Andrew","Temika","Edberg","Cyril","Erin","Kammler"
"Jude","Lyndsey","Menuey","Bryant","Elsy","Testman"
"Rosendo","Yahaira","Twohatchet","Walker","Novella","Peinado"
"Jermaine","Bernie","Likens","Wayne","Ilse","Wainman"
"Joesph","Sabina","Bradburn","Stevie","Melodie","Dienst"
"Leandro","Tawna","Leser","Noe","Aracelis","Brinker"
"Rod","Lauretta","Sohl","Richard","Carline","Mcmonagle"
"Scot","Shani","Laguire","Shawn","Jacquelyne","Jovich"
"Alan","Vania","Mccreedy","Merlin","Reda","Steward"
"Odell","Melynda","Kawaa","Sonny","Hien","Hillabush"
"Hong","Anjelica","Kaloi","Wally","Claretha","Wry"
"Grover","Stephen","Goodrow","Morgan","Lovetta","Goyco"
"Rickey","Trista","Moun","Shayne","Kimberly","Bernat"
"Robert","Latrice","Boylen","Vernon","Regenia","Urbaniak"
"Patrick","Lisabeth","Dandrade","Alva","Brittanie","Osswald"
"Chance","Celestina","Leibman","Judson","Marcell","Francia"
"Mohammed","Alda","Rehberger","Milan","Nikole","Kast"
"Carmine","Susy","Lotter","Darryl","Rosalyn","Harms"
"Warner","Francisco","Mikesell","Jeffery","Tawnya","Patterson"
"Valentine","Patrice","Ghaor","Lynn","Chasity","Yozamp"
"Ronald","Maryjo","Mosler","Tory","Lashunda","Snoke"
"Alphonse","Angeles","Massena","Donovan","Kala","Stemen"
"Alva","Lavone","Hopes","Houston","Allene","Zabka"
"Hilario","Parthenia","Stlouis","Edgardo","Dong","Laroche"
"Geraldo","Regine","Eschenbach","Christoper","Alejandrina","Brancati"
"Thad","Sonia","Macdermott","Brain","Louis","Giffith"
"Walker","Gretta","Nenninger","Oscar","Delois","Dufour"
"Issac","Emelda","Caston","Jerold","Laraine","Cypret"
"Donnie","India","Hartinger","Mason","Kacey","Larbi"
"Neville","Wanetta","Hilser","Alden","Candi","Veasley"
"Samual","Ivonne","Penale","Ellsworth","Leo","Liljeberg"
"Weston","Nancey","Baibak","Gaylord","Marissa","Dub"
"Modesto","Ermelinda","Newstrom","Gil","Leeann","Dillin"
"Matt","Mirian","Steinhoff","Garrett","Caren","Pust"
"Calvin","Vasiliki","Henrity","Diego","Lonna","Neidecker"
"Ethan","Stephen","Rapoza","Arnulfo","Lorina","Bouleris"
"Elbert","Michaele","Brozena","Donald","Bronwyn","Coldsmith"
"Luis","Joey","Leibee","Ned","An","Orsten"
"Christopher","Adela","Foose","Zackary","Wilma","Guieb"
"Leonard","Odell","Nethercutt","Ira","Shella","Neiss"
"Chi","Earnestine","Whitty","Darrel","Larraine","Bake"
"Eloy","Jerry","Babey","Chauncey","Kacey","Beacher"
"Sid","Lizette","Stiff","Alden","Kimberli","Wendroth"
"Moshe","Dinah","Brightwell","Orlando","Rosanna","Carvin"
"Jerold","Iesha","Ezelle","Timmy","Johna","Net"
"Bryant","Chris","Probert","Maynard","Seema","Lipke"
"Lamar","Janis","Siwinski","Mark","Mozell","Munsey"
"Thanh","Natosha","Bealmear","Sergio","Georgeann","Garis"
"Elmo","Fatimah","Anadio","Jefferson","Lisa","Buchanan"
"Eugenio","Brittani","Benassi","Burt","Kanisha","Sanmartin"
"Hugo","Tambra","Brachle","Reynaldo","Liz","Durall"
"Norberto","Shanta","Ifantides","Reid","Lia","Garre"
"Rodrigo","Susana","Shifflett","Darnell","Agnes","Melone"
"Dominique","Marisa","Rubenfield","Jamel","Kimiko","Benally"
"Monty","Robbie","Dave","Wesley","Elaina","Mahr"
"Alvaro","Cinthia","Grotts","Chas","Palma","Haertel"
"Avery","Kimi","Abrego","Guillermo","Marnie","Lagoa"
"Wilson","Tarah","Dinsmoor","Jeffery","Fiona","Idriss"
"Gilbert","Luisa","Colombo","Lawerence","Lida","Wryals"
"Antione","Mariana","Sietz","Vance","Iola","Coval"
"Lawerence","Maisha","Bollier","Thanh","Serafina","Dugue"
"Conrad","Joellen","Silvius","Jarod","Krysta","Wiberg"
"Buck","Madelyn","Laabs","Gilberto","Leesa","Saalfrank"
"Kent","Criselda","Rufe","Brandon","Michel","Siem"
"Garry","Cassidy","Kenneally","Joey","Tynisha","Mervine"
"Boris","Yvone","Pirner","Adolph","Malisa","Brimm"
"Jc","Floria","Auler","Alva","Siu","Bushfield"
"Percy","Carma","Gallimore","Perry","Anja","Namdar"
"Douglass","Michaele","Shymske","Elton","Rosenda","Bolf"
"Santiago","Glory","Rought","Leigh","Barbara","Omernik"
"Lyman","Shawnee","Frid","Stuart","Lashawn","Ogeen"
"Omar","Jenice","Gniewek","Benito","Sylvie","Leiner"
"Lynwood","Aurelia","Marseglia","Earle","Cherilyn","Amezcua"
"Sherman","Tisa","Emberton","Mauro","Kimberli","Bingley"
"Osvaldo","Paulene","Wowk","Davis","Shera","Gier"
"David","Reita","Mcgwin","Bruce","Lashay","Weishaupt"
"Erik","Carolin","Shrewsbury","Ted","Lena","Hissam"
"Mikel","Tyra","Kizzia","Seymour","Miguelina","Macandog"
"Mauricio","Nicki","Savasta","Humberto","Sharron","Gianino"
"Adrian","Taunya","Musolino","Curt","Corina","Hennies"
"Otis","Brigid","Gennaria","Alexis","Brinda","Jeck"
"Joe","Bev","Andry","Shannon","Shellie","Margraf"
"Anton","Melissia","Kilborne","Paris","Vinnie","Hetherington"
"Freeman","Krystina","Branagan","Leon","Kacy","Portuondo"
"Trinidad","Bong","Bybee","Russell","Jaime","Pistole"
"Terry","Sarah","Shipp","Bradley","Lavona","Rassel"
"Werner","Jamila","Twiddy","Josue","Nada","Vinal"
"Harley","Latina","Bohlmann","Stacy","Karan","Desouza"
"Darius","Dora","Hurrell","Myles","Rosette","Launer"
"Romeo","Necole","Oare","Dorian","Kenisha","Huggett"
"Jackson","Lashaun","Burakowski","Doyle","Kesha","Bessellieu"
"Armand","Shavon","Hryniewich","Damion","Jessika","Klukas"
"Tristan","Lennie","Langmo","Alfred","Brittanie","Wellner"
"Lonnie","Carmella","Zone","Stanley","Penelope","Bostow"
"Alberto","Niesha","Brodnex","Javier","Judy","Mustoe"
"Jerry","Deanna","Lien","Garfield","Valeri","Fullerton"
"Rolland","Fredda","Overly","Jarrod","Sophie","Frieman"
"Erasmo","Dixie","Paguin","Wes","Elizabet","Hartwick"
"Ira","Karleen","Deckelbaum","Dana","Glinda","Carrizal"
"Kristofer","Karina","Garff","Victor","Destiny","Placker"
"Hank","Tammi","Urdiano","Wilfredo","Jen","Larney"
"Doug","Chin","Jolly","Antonia","Tricia","Henjes"
"Willian","Rosette","Hem","Woodrow","Reatha","Hazy"
"Odell","Huong","Krammer","Wilber","Tesha","Kobayashi"
"Tyron","Rosalyn","Robertello","Jere","Niesha","Goar"
"Booker","Rubi","Alevras","Byron","Emily","Koterba"
"Giuseppe","Gertude","Standahl","Rupert","Marin","Marchetti"
"Winford","Carisa","Moronta","Duane","Melaine","Talty"
"George","Lyndsay","Dockett","Marion","Treena","Wengler"
"Keith","Roma","Saefong","Sandy","Muoi","Pinkney"
"Cleo","Regina","Vasko","Jimmie","Charles","Ginsburg"
"Raymon","Cayla","Levee","Carson","Ramonita","Munari"
"Boyce","Mickie","Montono","Gale","Melaine","Blackmar"
"Mohammad","Julia","Dosh","Seth","Judith","Maier"
"Lynn","Dalene","Guttery","Felipe","Stefany","Zins"
"Jesse","Adriana","Petzoldt","Stevie","Earlie","Hanney"
"Norberto","Kirstie","Goley","Jerome","Tomi","Gehrki"
"Archie","Serina","Burgen","Daniel","Hiedi","Paa"
"Barrett","Maryrose","Ausherman","Brady","Trish","Plake"
"Augustus","Lee","Yeakel","Mohamed","Shelba","Lacosse"
"Gabriel","Loma","Stroer","Sebastian","Romona","Montaluo"
"Valentin","Winifred","Viers","Florencio","Lolita","Dsouza"
"Micheal","Aisha","Ansari","Frank","Janette","Elizando"
"Orlando","Teressa","Annarummo","Tim","Shan","Voss"
"Mickey","Elba","Flournay","Edgar","Marquita","Comden"
"Morris","Jenice","Delapuente","Lenard","Alex","Osting"
"Jimmy","Jewell","Andreen","Earl","Janene","Manza"
"Desmond","Melvin","Swierenga","Kristofer","Maurine","Yoes"
"Ted","Usha","Elhaj","Malcom","Lovetta","Schieber"
"Arnoldo","Alyssa","Meints","Dan","Magdalena","Rile"
"Alphonso","Susana","Lowers","Theodore","Tricia","Hathcox"
"Edmond","Keesha","Otiz","Oren","Henriette","Spangler"
"Colin","Talisha","Gergel","Shad","Kyong","Bradeen"
"Man","Sharice","Hronek","Weston","Rosalia","Yorn"
"Billy","Izetta","Palmieri","Gabriel","Harmony","Oltman"
"Cory","Patricia","Deloach","Patrick","Melia","Bedaw"
"Doug","Tova","Hemans","Devin","Oma","Leasy"
"Mikel","Nereida","Brackett","Blake","Chere","Davoren"
"Gaylord","Shanita","Flennoy","Romeo","Ellyn","Kok"
"Lon","Vivienne","Cockett","Seth","Eustolia","Tisdal"
"Lyndon","Ofelia","Wallet","Freddy","Yulanda","Perlich"
"Tyron","Carleen","Triplet","Fidel","Billy","Roelofs"
"Dana","Tabetha","Scharwath","Saul","Blondell","Klocke"
"Walter","Zula","Morison","Sid","Gertie","Isacs"
"Numbers","Elia","Presha","Isaac","Tai","Cushard"
"Vern","Trudi","Kerson","Alonso","Sabrina","Collins"
"Craig","Alejandrina","Fujikawa","Cortez","Nga","Gondola"
"Alvin","Penney","Lipovsky","Ali","Donya","Juvera"
"Zachary","Bianca","Cohoe","Steve","Dennis","Swait"
"Ferdinand","Bonita","Candella","Deon","Loris","Brodka"
"Boyce","Julia","Lanman","Amos","Suellen","Knipping"
"Kareem","Manda","Skoog","Giovanni","Angelica","Pinkett"
"Efrain","Vashti","Welker","Darrin","Alejandrina","Biesenthal"
"Ignacio","Augustine","Brzuchalski","Pablo","Debbi","Callez"
"Mohamed","Nova","Radue","Ali","Madelene","Dulle"
"Kristopher","Allyn","Weyrauch","Lucas","Renetta","Gardecki"
"Arnold","Carolyne","Sanzo","Chuck","Collette","Obermier"
"Amos","Aide","Seegers","Irvin","Jeremy","Albin"
"Micah","Nanette","Manka","Weldon","Ardelia","Catherwood"
"Tyrell","Tien","Mccrorey","Barry","Marge","Tetrick"
"Brendan","Roseline","Vulich","Stevie","Griselda","Aluqdah"
"Marcel","Monique","Kaminsky","Lawrence","Karlene","Manus"
"Terry","Aliza","Mellen","Tyron","Yolanda","Laporte"
"Son","Shanelle","Katzmark","Josh","Larissa","Burpo"
"Jc","Saturnina","Mayoral","Jerold","Kathleen","Kidd"
"Keenan","Lilliana","Rebold","Marco","Neva","Klimaszewski"
"Reinaldo","Zana","Chaim","Milan","Dannie","Spurger"
"Sonny","Patience","Cirella","Gilbert","Ivey","Sievers"
"Kennith","Vickey","Bacerra","Garland","Thu","Danniels"
"Joseph","Salina","Siegler","Willard","Lulu","Aragundi"
"Hollis","Shawnta","Sheth","Prince","Gretta","Hurford"
"Noel","Marianna","Macnab","Chase","Nikki","Stelting"
"Dudley","Gilma","Dundlow","Shirley","Talisha","Schluneger"
"Reggie","Nelda","Verhulst","Duane","Madge","Alfisi"
"Bobby","Jolyn","Bynun","Clinton","Zenia","Fulton"
"Darrick","Roxanne","Osol","Isidro","Dorothea","Strejcek"
"Duane","Corrie","Berreth","Blair","Merri","Hespe"
"Rhett","Margurite","Castagna","Rolando","Jaimee","Fitterer"
"Warren","Tabetha","Ayoub","Matt","Tamesha","Danas"
"Marlon","Maxima","Pantoja","Lonny","Dulce","Hellwig"
"Tony","Jewell","Prescod","Donnell","Dione","Berridge"
"Terrence","Carmel","Barredo","Titus","Lula","Kortkamp"
"Eliseo","Zita","Decourt","Burton","Eartha","Restifo"
"Donn","Sandee","Pendexter","Errol","Alesia","Driggs"
"Hoyt","Iva","Canning","Man","Larhonda","Harger"
"Pasquale","Marty","Franko","Will","Faustina","Toeller"
"Maurice","Nella","Angerman","Milo","Sandi","Fiaschetti"
"Fritz","Franchesca","Atcher","Rayford","Gaynelle","Kerlin"
"Stacey","Merle","Battani","Erwin","Min","Band"
"Wilfred","Donnetta","Murad","Coy","Charlesetta","Witzel"
"Javier","Stefania","Lewter","Frances","Armanda","Vannatta"
"Damon","Brianne","Beckner","Johnnie","Alexia","Caramanica"
"Irvin","Dinorah","Therien","Johnny","Xuan","Waud"
"Morton","Margaret","Swaggert","Dewitt","Eliza","Hyser"
"Larry","Shalanda","Winningham","Cameron","Eliana","Cerar"
"Isaac","Jenice","Popple","Vance","Faith","Vatter"
"Vincent","Dawn","Killpack","John","Robyn","Guillot"
"Patrick","Damaris","Dool","Terrell","Jerrie","Dondero"
"Shane","Roselle","Sanchious","Ferdinand","Marta","Pownell"
"Carter","Melvin","Pers","Arnoldo","Lauri","Bohs"
"Chet","Gaynelle","Rethman","Stan","Alyse","Weimar"
"Wayne","Zada","Housholder","Bradly","Jacquline","Chappa"
"Luigi","Tennille","Bulman","Derick","Claris","Kivel"
"Jamal","Annalisa","Lupold","Kevin","Hollis","Palu"
"Abel","Xiao","Honse","Darrin","Samantha","Ladieu"
"Johnnie","Elma","Fede","Cory","Thu","Schon"
"Napoleon","Hoa","Greuel","Joel","Jacquelyn","Dejong"
"Jae","Taryn","Clendening","Roger","Tamica","Grudzien"
"Martin","Malorie","Lauerman","Karl","Donetta","Dowker"
"Elias","Amiee","Cirrincione","Maynard","Monserrate","Perrella"
"Cyril","Shaneka","Sainato","Salvatore","Laquanda","Selbe"
"Emanuel","Vanesa","Pascocello","Ike","Alycia","Rendle"
"Asa","Carli","Lewerke","Roderick","Corinna","Kasch"
"Rodger","Pearlene","Gaut","Stephen","Paulene","Hock"
"Rex","Retta","Aparicio","Leif","Carli","Guiterez"
"Edgardo","Shawna","Ruuska","Gregg","Silvana","Jolivette"
"Lane","Domonique","Demayo","Anibal","Annalee","Mittelstadt"
"Mohammad","Darcey","Eakins","Francisco","Alta","Visher"
"Mel","Krystina","Nord","Michale","Rosalinda","Lasik"
"Alphonso","Shelby","Heronemus","Jorge","Charlena","Mattos"
"Edgardo","Geralyn","Leighton","Darrick","Krystina","Bradac"
"Berry","Victorina","Petrillose","Gordon","Ida","Tycer"
"Adrian","Amiee","Galva","Claud","Pearlene","Rodar"
"Manual","Suanne","Pala","Julius","Beatris","Komm"
"Heriberto","Carmel","Ginnetti","Grover","Hiroko","Anzora"
"Margarito","Ping","Norfolk","Bernardo","Malisa","Fawson"
"Samual","Lakiesha","Pacquette","Augustine","Janell","Tillema"
"Glen","Echo","Kroencke","Emile","Brandi","Lother"
"Jody","Ignacia","Helfinstine","Arron","Laurice","Ainscough"
"Oswaldo","Altha","Mowdy","Desmond","Latrice","Schacter"
"Damion","Rosalva","Andzulis","Woodrow","Rebecka","Palmore"
"Marion","Enedina","Tabon","Oren","Amelia","Zbinden"
"Denis","Adelia","Wilterdink","Mitchel","Jacqueline","Oechsle"
"Art","Delicia","Chuc","German","Maricruz","Grose"
"Roscoe","Carley","Rupp","Enoch","Tawana","Sajorda"
"Arden","Chante","Akel","Emile","Janelle","Michelena"
"Dudley","Albina","Reinart","Dick","Buena","Roosa"
"Norris","Joy","Drafts","Jae","Odette","Bevly"
"Ralph","Idell","Veroba","Roy","Vickey","Glidden"
"Harley","Kristle","Moatz","Rafael","Luvenia","Opland"
"Antonia","Sumiko","Crumbliss","Barney","Latashia","Awkard"
"Michael","Willie","Murdy","Clyde","Domonique","Linginfelter"
"Scot","Corrinne","Cains","Tracy","Germaine","Kesley"
"Darin","Jeannine","Antoniewicz","Lloyd","Stephine","Stickels"
"Walter","Andra","Gather","Aubrey","Tillie","Wendorff"
"Rodrick","Tonya","Niven","Arlie","Leonie","Rzucidlo"
"Samual","Franchesca","Haw","Leandro","Corrinne","Weckwerth"
"Cletus","Bell","Corping","Garry","Alison","Bleeck"
"Morgan","Pauletta","Mosz","Cody","Ericka","Heinold"
"Porfirio","Dagmar","Burda","Vern","Stefanie","Serbus"
"Pat","May","Perdzock","Jeffry","Eunice","Daft"
"Pete","Jeanelle","Zanotti","Cortez","Fallon","Zarco"
"Adalberto","Cinda","Robie","Gerard","Maybell","Mikesell"
"Brooks","Pasty","Virga","Wilfredo","Rebbeca","Gladstone"
"Randell","Madeline","Bakos","Edgardo","Latasha","Bly"
"Tracey","Maxima","Weinstock","Ivan","Kimberly","Tredwell"
"Darrel","Laraine","Haegele","Allan","Leon","Agle"
"Teddy","Daniell","Vanderwall","Horacio","Rufina","Varagona"
"Donte","Kary","Marbut","Hugh","Jamey","Destina"
"Roscoe","Marylynn","Fulop","Casey","Virginia","Magers"
"Elwood","Mariel","Mochel","Gerald","Erinn","Samano"
"Jeramy","Joi","Yockers","Bert","Tarra","Mcdougall"
"Santiago","Larita","Toepel","Federico","Dortha","Coones"
"Chong","Audra","Kimrey","Boyd","Gayla","Kaschmitter"
"Rayford","Opal","Devich","Bryan","Teisha","Swantner"
"Burl","Odessa","Smithj","Gilberto","Danika","Nighswander"
"Rico","Jolyn","Evertz","Raymond","Sol","Atma"
"Darryl","Loan","Zuluaga","Erin","Leonie","Lashmet"
"Filiberto","Daisey","Cuttitta","Gordon","Johnnie","Fanning"
"Lionel","Jaquelyn","Marcey","Tory","Kathie","Tomer"
"Danny","Brigid","Meneal","Saul","Elfriede","Kwiatkowski"
"Victor","Lala","Miralles","Robert","Remona","Walford"
"Avery","Delphine","Dubourg","Rodrigo","Virgil","Enriques"
"Columbus","Suzi","Boghossian","Odell","Jacquie","Aceveda"
"Marcus","Adrienne","Goldhahn","Cary","Elaina","Ruck"
"Hoyt","Kristine","Delanoche","Moshe","Marietta","Mccartt"
"Gavin","Kaye","Alsbrooks","Hugh","Windy","Koppa"
"Clemente","Veronika","Krumrine","Merrill","Pamula","Lundholm"
"Graham","Tam","Thorsness","Christian","Roberta","Mcpartland"
"Mitchel","Odell","Viker","Leigh","Katelin","Ruge"
"Fabian","Juliette","Jonas","Hans","Cordie","Goffney"
"Zachary","Mike","Kerry","Wilford","Tilda","Alba"
"Clifford","Jeane","Heinemeyer","Marco","Socorro","Fedor"
"Charlie","Iluminada","Pergram","Kareem","Beatriz","Mahood"
"Elbert","Calista","Ponti","Judson","Anneliese","Travino"
"Rashad","Shay","Voice","Freddy","Carmon","Wesson"
"Del","Carisa","Precella","Sean","Consuela","Kolaga"
"Mauro","Laticia","Jamason","Guillermo","Sunny","Woten"
"Malcolm","Silvia","Rodeigues","Fritz","Dixie","Chapnick"
"Donnell","Xochitl","Ullmann","Clyde","Jeanelle","Catania"
"Gilberto","Trudie","Lozado","Jarrod","Conchita","Kiesel"
"Merrill","Katlyn","Doughtie","Zane","Melia","Frieden"
"Harvey","Rosario","Honeycutt","Britt","Lakendra","Hanek"
"Walton","Refugia","Sat","Jonas","Jannette","Reisdorf"
"Sylvester","Mark","Marroguin","Hung","Myra","Pitzer"
"Dominick","Farrah","Brickey","Andrea","Nickole","Siordia"
"Joel","Joi","Lantigua","Wade","Krysta","Gittleman"
"Isaiah","Britany","Callanan","Pedro","Shelly","Thomason"
"Miles","Cira","Odam","Newton","Classie","Wares"
"Pablo","Leola","Battisti","Bruce","Cleotilde","Monsky"
"Bill","Cordelia","Schnick","Malcom","Carey","Stouten"
"Karl","Somer","Holtrop","Errol","Numbers","Bisi"
"Cortez","Hildegard","Chamberland","Vance","September","Penrose"
"Travis","Iliana","Herrnandez","Cyrus","Danielle","Dolby"
"Dick","Jamee","Lupton","Long","Edris","Guagenti"
"Darrel","Zena","Ruhland","Valentin","Treena","Sueltenfuss"
"Archie","Penny","Burzynski","Wilbert","Nan","Illar"
"Teodoro","Kari","Kistler","Paris","Roselee","Kneisel"
"Andrew","Tanna","Labaro","Eli","Hulda","Vermilyea"
"Kevin","Audie","Derogatis","Marcellus","Marilynn","Plocica"
"Johnie","Jeffrey","Crowin","Dick","Myriam","Koller"
"Darell","Tiesha","Hedrington","Elwood","Reanna","Spach"
"Robert","Ulrike","Irene","Ronny","Lennie","Gerhardt"
"Gaston","Tammera","Cabbagestalk","Neil","Louanne","Guitreau"
"Brain","Blair","Roughen","Joe","Oretha","Denning"
"Dylan","Mika","Calrk","Cary","Cinda","Hoyman"
"Rob","Carie","Mckenrick","Bert","Burma","Nipple"
"Napoleon","Alia","Mcgarrigle","Felton","Majorie","Draine"
"Derrick","Toi","Battin","Everett","Kimberli","Karlstad"
"Cornelius","Loreen","Holdaway","Randy","Danelle","Stapf"
"Bobby","America","Good","Darren","Lourie","Polverari"
"Rolland","Graciela","Corsa","Heath","Jonie","Hurne"
"Randell","Refugio","Ebo","Marcelino","Raymonde","Agostini"
"Omar","Camille","Martines","Omar","Shirleen","Hacke"
"Moses","Lorri","Shackleton","Boyd","Susannah","Schisler"
"Lindsey","Albertina","Dose","Horace","Sylvia","Sas"
"Jim","Ollie","Wayns","Andy","Alba","Malec"
"Moises","Yang","Hoeck","Carson","Rochel","Aderhold"
"Samual","Brett","Frigge","Ambrose","Glynis","Gangwer"
"Dylan","Shawnta","Golonka","Amado","Florance","Esterline"
"Leopoldo","Aisha","Welzel","Coleman","Mandi","Mcmorran"
"Joesph","Angelica","Swinerton","Marc","Ebony","Floerchinger"
"Juan","Dahlia","Hickethier","Lupe","Sharda","Crary"
"Wilton","Sierra","Kociolek","Leland","Lenore","Blumstein"
"Wilson","Louann","Wahid","Cliff","Myrta","Pefferkorn"
"Christopher","Willene","Corrente","Alvaro","Anna","Driesel"
"Austin","Tifany","Kamler","Rudolf","Beaulah","Branstutter"
"Stephan","Tammara","Uffelman","Homer","Sara","Oakden"
"Alfonzo","Tillie","Haxby","Elden","Nena","Purington"
"Kim","Royce","Sheerin","Domenic","Babette","Supnet"
"Connie","Mirella","Sandora","Marlin","Tabetha","Bogenschutz"
"George","Vickie","Aceto","Thaddeus","Roxann","Chui"
"Marshall","Myrle","Marie","Bryon","Evelin","Brendal"
"Mitchel","Dorla","Brookes","Stefan","Meghann","Massoni"
"Elvis","Raguel","Clopp","Cristobal","Verline","Shafi"
"Reed","Tawnya","Amirian","Wade","Loise","Pouch"
"Nicky","Myrle","Crader","Vito","Willette","Hernadez"
"Jamel","Caridad","Stehly","Cornelius","Helga","Jevnikar"
"Andres","Yolando","Umbright","Nathan","Dennise","Hebsch"
"Charlie","Ofelia","Bullara","Zackary","Soo","Carcamo"
"Lyman","Sindy","Marales","Lowell","April","Shina"
"Alfredo","Tula","Bitzer","Karl","Elane","Benasher"
"Sean","Porsche","Shaner","Whitney","Lynda","Videtto"
"Ismael","Jacinta","Allessio","Emil","Delois","Keay"
"Jamie","Elna","Cumpston","Doug","Dorcas","Cicala"
"Normand","Carlota","Mclauglin","Bob","Louanne","Slotkin"
"Adrian","Leora","Hilu","Buddy","Lilly","Yelton"
"Olen","Yuonne","Streetman","Demetrius","Leontine","Curey"
"Shirley","Carolyn","Fernandes","Arron","Sherlyn","Pooni"
"Brooks","Odette","Delley","Jae","Eulah","Lanini"
"Hassan","Graciela","Deimund","Bobby","Enda","Tookes"
"Arnulfo","Lawanna","Miramontez","Grady","Bernice","Koral"
"Emmitt","Cecily","Kame","Denny","Della","Sorrick"
"Dannie","Yasuko","Walthall","Demetrius","Latrina","Shacklett"
"Clifford","Janeth","Luppino","Lewis","Merideth","Heintzman"
"Terrance","Chung","Rymasz","Maria","Lakesha","Lafave"
"Jean","Jacqualine","Freier","Dewey","Silvana","Bayles"
"Tom","Maxima","Hasas","Gale","Nicola","Felde"
"Dean","Lashon","Groft","Dan","Wendie","Simila"
"Arron","Suzie","Allery","Wilburn","Stacie","Schwiesow"
"Renaldo","Candis","Fest","Eliseo","Vella","Ivanov"
"Grant","Charissa","Defrang","Erin","Kyla","Skenandore"
"Marcellus","Lien","Mildon","Salvatore","Lilia","Cabezas"
"Laverne","Kortney","Jeswald","Shelton","Raye","Harvilla"
"Dusty","Lucrecia","Tisch","Donnell","Milissa","Makofsky"
"August","Johanna","Homan","Robt","Clotilde","Rinner"
"Logan","Cristen","Angeletti","Jeramy","Olimpia","Hannigan"
"Harland","Marie","Tempel","Freeman","Clemencia","Sercovich"
"Roosevelt","Stephane","Trytten","Florentino","Terra","Gooder"
"Efrain","Marcia","Dummermuth","Willian","Annis","Caudillo"
"Daryl","Brenda","Westen","Keneth","Theressa","Findley"
"Chuck","Eliana","Mecham","Demetrius","Melanie","Gago"
"Damian","Lisandra","Dutschmann","Shawn","Brigette","Corcuera"
"Ronnie","Lissette","Marinella","Graham","Traci","Biddie"
"Bryon","Regan","Haslinger","Chad","Chassidy","Janzen"
"Hans","Reatha","Deschambeault","Claud","Lynetta","Earing"
"Grover","Vada","Shoddie","Trinidad","Sulema","Asato"
"Dan","Flossie","Stehle","Patrick","Shemeka","Tangeman"
"Kieth","Roseann","Reischl","Alphonso","Golda","Lanzi"
"Diego","Virginia","Housden","Marlin","Isabella","Hules"
"Abdul","Maple","Mihaila","Bert","Desire","Kempen"
"Harold","Jaunita","Astolfi","Gino","Marcela","Gibson"
"Freeman","Janyce","Steans","Chadwick","Victor","Ancira"
"Chong","Rosalinda","Groys","Tom","Natalia","Babey"
"Heriberto","Sadie","Justinger","Hollis","Particia","Anderl"
"Luciano","Tracey","Landolfo","Darell","Yesenia","Goatley"
"Dylan","Reyna","Dunne","Norbert","Devon","Rycroft"
"Philip","Marhta","Hilker","Hector","Penny","Yundt"
"Adalberto","Hue","Kliever","Jerrell","Jacquelynn","Papenfuss"
"Virgilio","Araceli","Morganti","Roderick","Casey","Bently"
"Nicky","Hang","Sockalosky","Rhett","Roseanna","Machalek"
"Thad","Romana","Cylkowski","Adolfo","Valrie","Theaker"
"Cleveland","Felecia","Wehking","Marc","Amy","Goslee"
"Ricky","Violette","Shindler","Gary","Louella","Crusoe"
"Lacy","Beth","Pantano","Patrick","Ileana","Ree"
"Deshawn","Suzi","Lapointe","Genaro","Gertrude","Argandona"
"Daniel","Esta","Hollyday","Winfred","Kesha","Reeher"
"Michel","Ha","Autullo","Hosea","Evia","Fulp"
"Kenny","Shanta","Milbury","Willy","Vergie","Simmions"
"Elmer","Winnie","Pherson","Octavio","Santa","Guiterez"
"Antone","Guillermina","Aumann","Nathaniel","Luvenia","Mcindoe"
"Zane","Numbers","Chaim","Jeffrey","Larisa","Stille"
"Clement","Shantelle","Urabe","Mack","Jeffrey","Boliver"
"Emmanuel","Anisa","Manoso","Bradford","Katheryn","Duperry"
"Bert","Karl","Kalk","Domingo","Leana","Serrand"
"Thanh","Rea","Parody","Bobbie","Gilma","Warnstaff"
"Arlen","Dominque","Deyoe","Chang","Lashon","Myer"
"Glenn","Victor","Justice","Dewey","Fransisca","Hannold"
"Darnell","Alycia","Rippel","Dylan","Sherie","Merenda"
"Mohammad","Inocencia","Walstrom","Gerard","Marlo","Brandt"
"Kasey","Fleta","Dettling","Brant","Nancey","Markette"
"Garry","Darlene","Caci","Grant","Marybelle","Delegado"
"Aubrey","Lurline","Heizman","Antwan","Conchita","Islas"
"Joaquin","Elise","Malsam","Gaston","Angeles","Downie"
"Marco","Aracely","Balanoff","Ted","Katherine","Lahmers"
"Efrain","Kari","Matranga","Fletcher","Jerilyn","Castricone"
"Bert","Vanna","Doucett","Arlen","Vicki","Arquero"
"Danny","Hong","Pistilli","Darryl","Tonie","Yohn"
"Murray","Classie","Stimmel","Mose","Codi","Hammer"
"Arthur","Leta","Gucciardi","Tyson","Somer","Mihatsch"
"Ambrose","Bonny","Tootle","Shane","Keli","Hartse"
"Rupert","Cordie","Durall","Eldon","Larissa","Mank"
"Jean","Timothy","Myers","Shirley","Malia","Trueheart"
"Randell","Marisha","Debaecke","Adam","Rosalva","Bornman"
"Brant","Caridad","Hashim","Ward","Gertrude","Kalchik"
"Joseph","Gabriele","Bouche","Aron","Latricia","Sibbett"
"Jermaine","Mechelle","Buzzanca","Jasper","Kristal","Raley"
"Cesar","Tambra","Caraveo","Federico","Danyel","Binkowski"
"Carson","Karl","Garmany","Adolph","Shelby","Kilkenny"
"Irving","Jennell","Curet","Aldo","Alishia","Meinzer"
"Hoyt","Mertie","Bozenski","Long","Charlyn","Engfer"
"Lucio","Song","Shah","Mickey","Candance","Waisman"
"Oliver","Alice","Allphin","Man","Regina","Heredia"
"Vernon","Gema","Frewing","Millard","Fred","Lovasz"
"Ali","Tiana","Lacouette","Tim","Petra","Skeet"
"Jared","Contessa","Komarek","Lynn","Mittie","Navalta"
"Noel","Era","Mcardell","Johnie","Blondell","Mancil"
"Arlen","Coral","Doto","Tyler","Hilaria","Karakas"
"Olin","Lawanna","Husak","Trinidad","Svetlana","Aarestad"
"Robby","Bobbie","Snater","Clair","Hildegard","Bossler"
"Tracy","Jerlene","Niziol","Christoper","Diann","Mon"
"Arnold","Lorrie","Linsley","Stefan","Carly","Difelice"
"Gregg","Ta","Quackenbush","Noel","Jacklyn","Godyn"
"Cody","Delorse","Leung","Barney","Lakeshia","Pollnow"
"Lonny","Shela","Acoba","Francisco","Travis","Ho"
"Carlo","Clarinda","Pasaya","Loyd","Deandrea","Joelson"
"Harry","Reba","Meighen","Paul","Lilia","Suire"
"Alexander","Allyn","Pujia","Valentine","Rosemarie","Lafever"
"Emil","Michal","Raska","Armando","Cherise","Shepherd"
"Donn","Elizabeth","Pashal","Filiberto","Fidela","Meggett"
"Johnathan","Lori","Schwarten","Hiram","Cristen","Scharmer"
"Perry","Bernarda","Tessmer","Walter","Stacie","Ravel"
"Corey","Sophia","Daron","Stephen","Mao","Kittner"
"Wilbert","Esmeralda","Dahn","Lance","Daine","Stage"
"Darrel","Lyn","Gizzo","Rosario","Tiny","Soo"
"Geraldo","Selina","Drong","Cyril","Alena","Sabados"
"Brady","Cherish","Mashack","Zachery","Randa","Schmerge"
"Dominic","Sybil","Norvell","Rickey","Dinorah","Carmer"
"Enrique","Margurite","Mainer","Rory","Aurea","Jaroscak"
"Houston","Cassandra","Tuggles","Wilburn","Augustine","Yasika"
"Roosevelt","Shonta","Fauber","Horacio","Marcelene","Minvielle"
"Michel","Delcie","Haislett","Domingo","Brenna","Consolazio"
"William","Shawn","Okane","Zachary","Beatrice","Deak"
"Jayson","Majorie","Seweall","Wilber","Sharilyn","Schellin"
"Felix","Delinda","Daleus","Douglas","Kristy","Koda"
"Ryan","Donetta","Salamon","Tobias","Lavonne","Neeper"
"Ali","Sam","Offenberger","Omar","Hester","Dingle"
"Alonzo","Deadra","Lente","Darryl","Carmelita","Marioni"
"Steven","Latonia","Heise","Bobbie","Christel","Girauard"
"Jude","Ozell","Branski","Waldo","Margarete","Mika"
"Preston","Ava","Blevans","Vaughn","Nelida","Allah"
"King","Ester","Bordas","Giovanni","Juana","Niziol"
"Fredrick","Agnus","Starace","Miguel","Sofia","Leija"
"Sherman","Tanya","Jagodzinski","Rocky","Tarra","Bonano"
"Pasquale","Jona","Ricley","Linwood","Brenda","Stingel"
"Joshua","Jennefer","Hoppenrath","Augustus","Kiesha","Stilphen"
"Wilfred","Larhonda","Carback","Leonard","Daniele","Umholtz"
"Brenton","Migdalia","Rizzardi","Sebastian","Ranae","Patt"
"Alfredo","Viviana","Cavanaugh","Dennis","Nevada","Kukler"
"Clint","Shonta","Passmore","Tobias","Lavonne","Kuhlmann"
"Willis","Olivia","Fitzer","Demetrius","Arleen","Connoly"
"Sammy","Mitchell","Yan","Leigh","Delphia","Flury"
"Harold","Clemmie","Schopflin","Kelley","Dia","Unser"
"Laverne","Kenisha","Mikita","Jewel","Corazon","Ribao"
"Shirley","Gilberte","Reitter","Elisha","Thao","Wubnig"
"Tim","Divina","Abruzzese","Roscoe","Glenda","Lochte"
"Donovan","Clementina","Henderlight","Peter","Madalene","Pothoven"
"Jerrod","Alexandra","Baumgardt","Harry","Shena","Towse"
"Collin","Xiomara","Mcaree","Otha","Kareen","Beechner"
"Andre","Kimi","Potempa","Saul","Maryln","Buress"
"Otis","Ruby","Campman","Chad","Chantell","Huckstep"
"Jonathon","Tony","Agor","Edison","Cory","Warling"
"Zachary","Jason","Bergener","Andre","Darlena","Ballard"
"Raphael","Maria","Dimitt","Billie","Leonie","Netkowicz"
"Benjamin","Rachell","Gilham","Emmitt","Dorathy","Wasko"
"Jean","Debera","Ginsburg","Joe","Clarence","Normandin"
"Pasquale","Elinor","Castellari","Clifton","Jenifer","Hallstead"
"Lauren","Miki","Kammer","Silas","Latanya","Ernster"
"Joesph","Anabel","Bassett","Dan","Lyda","Vignola"
"Taylor","Bibi","Robblee","Eduardo","Serita","Matthies"
"Elisha","Aurelia","Codey","Winford","Cherryl","Ottem"
"Rolf","Latisha","Boylan","Zachary","Natalie","Shad"
"Issac","Ressie","Razor","Elijah","Maryann","Silvernale"
"Douglas","Lanita","Sheard","Al","Jacquie","Jaecks"
"Rusty","Ayesha","Ganigan","Leopoldo","Carola","Gruver"
"Nolan","Kerrie","Soliz","Marvin","Karyl","Zdanowicz"
"Matthew","Dorinda","Cordrey","Lesley","Ardell","Bellon"
"Major","Katheryn","Zimmerly","Florencio","Jan","Conteras"
"Phillip","Cynthia","Meckel","Shon","Mellie","Kuberski"
"Tyler","Vernie","Heidenescher","Fred","Miriam","Wooley"
"Willis","Maurita","Oilvares","Thomas","Esperanza","Kolassa"
"Dion","John","Fitchett","Leopoldo","Nancey","Buckman"
"Galen","Fae","Aki","Mauricio","Lorette","Clair"
"Cedrick","Salome","Larner","Jan","Louanne","Kerman"
"Caleb","Carylon","Setterberg","Jefferey","Bella","Gellinger"
"Cortez","Ilene","Difede","Luis","Jule","Basher"
"Alva","Angla","Doehring","Lamont","Wen","Spurlin"
"Lucien","Matilde","Slattery","Pasquale","Wendi","Heeter"
"Basil","Genevive","Larriviere","Jan","Afton","Scandrett"
"Cordell","Bula","Emmert","Enrique","Loren","Tiso"
"Salvador","Cassandra","Glesener","Cody","Hildegarde","Covotta"
"Luther","Merideth","Zapatero","Bruno","Lovella","Gari"
"Matthew","Sherice","Alpheaus","Robbie","Soo","Raglow"
"Reginald","Brian","Forti","Jeramy","Gilberte","Knowles"
"Jan","Monnie","Nuber","Frederic","Melia","Amero"
"Hosea","Shelli","Roeser","Pierre","Ardell","Crusoe"
"Lane","Genia","Doucett","Kareem","Coletta","Boisseau"
"Wilfred","Betty","Blackley","Jerry","Nelle","Glordano"
"Rocco","Zulema","Krivak","Kareem","Genevie","Hoglan"
"Adrian","Carry","Barkalow","Maximo","Tifany","Zissler"
"Cedric","Grisel","Aley","Steve","Krista","Beaufait"
"Jim","Lili","Sonkens","Jody","Rhonda","Pekala"
"Foster","Rosemarie","Lamarsh","Robin","Latrice","Fontillas"
"Hunter","Tajuana","Grunlien","Devin","Melida","Torma"
"Scot","Maxima","Moorcroft","Delbert","Christian","Lopiccolo"
"Chester","Vina","Forand","Emilio","Delicia","Jurik"
"Gregorio","Terrilyn","Omura","Hugo","Jenifer","Dietrich"
"Ezequiel","Shantel","Hover","Wilton","Genevive","Hathaway"
"Terrance","Claribel","Katsaounis","Erick","Dianna","Mapps"
"Bennie","Annis","Mwakitwile","Thurman","Dena","Woloszyn"
"Jefferey","Wendy","Korpi","Byron","Abigail","Kupetz"
"Reed","Siu","Vittorio","Thurman","Paulita","Lampkin"
"Willian","Sherryl","Emerald","Valentin","Gayla","Serapion"
"Reyes","Grayce","Ye","Fredric","Briana","Mow"
"Heath","Francesca","Peabody","Kareem","Latricia","Lingad"
"Danial","Pattie","Shelor","Florentino","Chasity","Hannes"
"Arlen","Charmaine","Nacke","Samuel","Hertha","Dudeck"
"Nathaniel","Loura","Badasci","Bertram","Carri","Huffines"
"David","Courtney","Hackshaw","Deangelo","Jona","Marquis"
"Jamey","Traci","Dilella","Ronald","Trish","Gulledge"
"Drew","Ngoc","Bushy","Keith","Malisa","Yerena"
"Javier","Mariann","Castilo","Santiago","Penelope","Vedovelli"
"Barrett","Aurore","Harring","Hoyt","Kathi","Curbo"
"Benedict","Diedra","Reitzes","Loren","Ray","Himel"
"Odis","Agueda","Blaylock","Nathanael","Iraida","Skeets"
"Ron","Xochitl","Godkin","Laurence","Margene","Spohn"
"Jeremy","Torie","Casio","Harlan","Carol","Goepfert"
"Agustin","Nicole","Scherb","Chester","Margart","Kettmann"
"Colton","Simone","Marye","Long","Harold","Golds"
"Norris","Ofelia","Chura","Reuben","Melaine","Dibattista"
"Milo","Jodee","Eckes","Ellis","Ashlie","Gralak"
"Toby","Tawnya","Berky","Eldridge","Tisha","Wengert"
"Gayle","Cherish","Divan","Anton","Eun","Wilcher"
"Diego","Lavenia","Mcclucas","Ronnie","Mui","Kellam"
"Tobias","Candance","Ferris","Philip","Talia","Amass"
"Emil","Echo","Embree","Gavin","Hwa","Ou"
"Mervin","Leontine","Gou","Harrison","Tristan","Seekins"
"Curt","Marianne","Danoski","Alvin","Yaeko","Kerstein"
"Clement","Rocio","Vorse","Tobias","Michaele","Hardage"
"Dudley","Leon","Pacheco","Wilfredo","Jacelyn","Sheild"
"Francesco","Charolette","Tietjen","Donovan","Zella","Jungck"
"Jeff","Nikia","Skok","Christopher","Reginia","Barrington"
"Jared","Merissa","Spies","Dane","Deb","Blee"
"Man","Wendy","Zecca","Lemuel","Natasha","Hershfield"
"Teodoro","Zenobia","Ostroot","Fredric","Melvin","Colasurdo"
"Raphael","Sindy","Rattley","Foster","Nida","Connerty"
"Howard","Alia","Marcia","Clair","Dagmar","Aines"
"Theodore","Telma","Carbo","Jonas","Jacinda","Pooser"
"Vincenzo","Tatyana","Mccarter","Erin","Jonnie","Sealock"
"Thanh","Mandy","Embrey","Avery","Deetta","Locklier"
"Lyle","Serena","Mai","Sammy","Laurel","Muirhead"
"Darnell","Tifany","Hersey","Jarrett","Felecia","Atengco"
"Peter","Jodi","Yanez","Kenny","Marylouise","Osawa"
"Alton","Maurita","Akins","Chance","Melda","Oby"
"Ed","Kayleigh","Nimick","Jayson","Tameka","Lweis"
"Gabriel","Bao","Laurange","Jake","Tessa","Hogston"
"Willian","Rachele","Stouer","Benton","Asia","Calverley"
"Joel","Yelena","Zurmiller","Denver","Alana","Greder"
"Steven","Larry","Dubis","Erick","Gay","Thrams"
"Shawn","Dionna","Cruson","Cortez","Glory","Balmaceda"
"Adan","Milda","Eikmeier","Jame","Myung","Draeger"
"Les","Ursula","Phariss","Rodrick","Florine","Mcelroy"
"Jake","Tran","Dewaele","Seth","Delaine","Debarros"
"Stanley","Julianne","Eastlund","Weston","Gertha","Wong"
"Phil","Tamar","Lindinha","Chet","Zita","Allcorn"
"Marcus","Cortney","Goodier","Hung","Sierra","Rissell"
"Carmen","Simona","Hobday","Whitney","Keitha","Mcelravy"
"Geraldo","Janeth","Strassell","Jose","Ashlea","Pain"
"Tanner","Tashia","Mccarr","Richie","Evelyne","Mccoun"
"Denis","Leon","Akes","Rod","Rosalyn","Mcrary"
"Marlon","Larry","Fetrow","Elijah","Kaila","Holtzer"
"Kasey","Kandace","Huyck","Russ","Lauryn","Granger"
"Fausto","Dannie","Taylar","Raphael","Lila","Schuyleman"
"Odis","Ebony","Wilczewski","Ryan","Ellen","Mcrea"
"Judson","Ettie","Chagollan","Clinton","Jesica","Kreager"
"Tyler","Na","Chemin","Andres","Margarett","Carnahan"
"Bill","Ines","Ottey","Kieth","Janae","Spartin"
"Heath","Oralee","Harm","Weston","Angila","Kieft"
"Rashad","Celsa","Sax","Antone","Earlie","Sylve"
"Adalberto","Sabra","Ciotti","Jame","Pearline","Laurenza"
"Ramiro","Kendal","Unnewehr","Lino","Maryln","Kastein"
"Moshe","Fidela","Muntean","Irwin","Regan","Autry"
"Mark","Suzie","Falker","Lonny","Rosie","Crosman"
"Florentino","Gale","Purdom","Stacey","Hildred","Cesare"
"Alden","Chong","Erichsen","Dalton","Jose","Mellekas"
"Hayden","Mabel","Minette","Darron","Marissa","Fennessey"
"Dominique","Pansy","Rufenacht","Javier","Kellee","Trocinski"
"Warren","Nam","Crogier","Andreas","Sherlene","Toussiant"
"Donnell","Allegra","Saefong","Norbert","Lakisha","Schoenberg"
"Lane","Rosana","Saraiva","Ronny","Kymberly","Buechner"
"Leo","Ardis","Zani","Randall","Ira","Brighter"
"Wilbur","Marybeth","Majica","Nick","Debby","Burker"
"Robin","Corey","Cossett","Cruz","Sanjuanita","Darrough"
"Kirby","Kimberely","Leath","Diego","Georgene","Harding"
"Augustus","Colleen","Toor","Kim","Simone","Rohlack"
"Randell","Stephanie","Kundanani","Lloyd","Melanie","Tapio"
"Antonio","Freda","Sella","Kraig","Cherlyn","Pavlick"
"Jeff","Della","Carmack","Paul","Thomasena","Maclennan"
"Damian","Briana","Solas","Rob","Romona","Ettl"
"Philip","Erin","Smiles","Doyle","Clarissa","Kotte"
"Vernon","Evangeline","Mcbratney","Dustin","Tawnya","Hagerty"
"Antwan","Lilliam","Murphrey","Collin","Debbie","Clubs"
"Milford","Lakita","Stauffer","Milan","Jonna","Nosis"
"Olin","Karleen","Mozo","Hank","Kathleen","Ribiero"
"Garland","Claudie","Benak","Jody","Evelynn","Hatta"
"Doyle","Breann","Woolfrey","Jonas","Jerrica","Nikas"
"Adrian","Sharyl","Kamimura","Norman","Yukiko","Adelmund"
"Ronald","Coralee","Destine","Roger","Kandi","Silvester"
"Mel","Raymonde","Fencil","Woodrow","Song","Langehennig"
"Louie","Sigrid","Mirabito","Christopher","Shirely","Orlof"
"Rolland","Alberta","Hargrow","Wallace","Lynnette","Mencl"
"Hobert","Rossana","Minnema","Lazaro","Page","Locsin"
"Kennith","Sina","Huges","Josue","Clyde","Namsaly"
"Alton","Joslyn","Smithson","Raymond","Breanne","Decost"
"Jacinto","Eleonore","Grahe","Ali","Aleshia","Signorelli"
"Kris","Rosalinda","Piao","Filiberto","Ronni","Villalpando"
"Octavio","Celestine","Metchikoff","Connie","Romana","Beekman"
"Ted","Rosalee","Finona","Refugio","Mellissa","Waaga"
"Alvin","Brigette","Hoerger","Mark","Letty","Gamby"
"Wayne","Leda","Mattinson","Milan","Donald","Killam"
"Eddie","Janie","Atteberry","Buck","Lelah","Steese"
"Reyes","Felisa","Wolters","Mauricio","Verda","Yasin"
"Man","Scott","Gitt","Davis","Amparo","Jagodzinski"
"Fermin","Brittaney","Rivadulla","Garth","Klara","Copper"
"Carmelo","Kara","Gertz","Stephan","Zona","Wellington"
"Cordell","Berneice","Ironhorse","Ernie","Joslyn","Evertz"
"Tommy","Joann","Osterholt","Angelo","Aletha","Harkema"
"Rashad","Ruby","Loraine","Stacy","Phoebe","Ballentine"
"Heath","Denisha","Prefontaine","Royal","Hollie","Snowdy"
"Geoffrey","Gale","Adelgren","Jewell","Evangeline","Filicetti"
"Eusebio","Laure","Wooters","Kenneth","Louetta","Podratz"
"Jorge","Susana","Neff","Stanton","Melody","Okumura"
"Eusebio","Joey","Doroski","Theo","Caridad","Sheely"
"Donnie","Tequila","Leyland","Earle","Jennifer","Burkette"
"Willie","Idell","Marrara","Kurtis","Stephen","Van"
"Rosendo","Caitlyn","Deanda","Clarence","Ryan","Sowell"
"Claude","Oralia","Mollberg","Frederick","Ebony","Geery"
"Lenard","Candis","Groch","Edmundo","Arlette","Vedder"
"Dylan","Diedre","Lecount","Ariel","Alexandra","Wiesneski"
"Rudolph","Kimiko","Caryl","Ron","Maya","Heim"
"Rigoberto","Rocio","Hebig","Forest","Aletha","Radke"
"Reid","Maida","Justin","Newton","Donetta","Bellus"
"Manuel","Ilona","Dollins","Ed","Noel","Vogtlin"
"Mark","Marilou","Picker","Sammy","Jeanice","Madry"
"Emory","Margorie","Beneke","Colby","Eliz","Lumsden"
"Angelo","Kendal","Million","Lonny","Charla","Grindel"
"Milford","Rosalia","Bethurum","Darell","Kiesha","Flodin"
"Pablo","Karl","Schoepf","Numbers","Laveta","Zappala"
"Rolf","Thea","Lourdes","Dennis","Evon","Mora"
"Lewis","Hortencia","Marconi","Donte","Madelyn","Brow"
"Angel","Stacey","Letters","Tyson","Kathaleen","Schnure"
"Darron","Pat","Kelderman","Hugh","Evangeline","Brunson"
"Arlie","Natalia","Lemich","Orlando","Sachiko","Brannam"
"Pete","Lakita","Torred","Cedric","Tawana","Bellusci"
"Wilfred","Florence","Delker","Rafael","Laurene","Litten"
"Darrel","Anglea","Agunos","Hobert","Shantell","Beiler"
"Zachery","Vickey","Hurm","Herb","Betsey","Crunkilton"
"Domingo","Melani","Hue","Efrain","Eun","Grahl"
"Rudy","Rhona","Riola","Alphonse","Lakeisha","Halmick"
"Darrel","Melony","Corcuera","Ezekiel","Florence","Corpuz"
"Emanuel","Jettie","Bessemer","Tuan","Sumiko","Giamichael"
"Harry","Alyce","Runkle","Jonah","Kacy","Conrady"
"Reginald","Millicent","Noltensmeier","Nicholas","Blair","Keville"
"Claude","Nelda","Tinkler","Ted","Brande","Ziegenfuss"
"Woodrow","Collene","Barninger","Adrian","Lakendra","Lefler"
"Emile","Arlinda","Luette","Israel","Artie","Driskell"
"Johnny","Jannette","Lorincz","Elvin","Freeda","Sciarini"
"Ariel","Marline","Santino","Luigi","Jessia","Daines"
"Aldo","Alfredia","Wronski","Anderson","Man","Mahmud"
"Brendon","Asuncion","Tibbets","Clifton","Arvilla","Borkowski"
"Kendrick","Joelle","Falack","Dannie","Temika","Kragt"
"Julius","Roni","Eggeman","Van","Katheleen","Dayrit"
"Otha","Laurice","Dosal","Stanton","Randy","Theim"
"Kristopher","Classie","Grimme","Freeman","Demetria","Fruge"
"Houston","Ashely","Console","Burton","Doreen","Yates"
"Pierre","Gail","Nails","Booker","Veronica","Hender"
"Scotty","Shakia","Devazier","Wally","Eartha","Silacci"
"Edward","Leonila","Dibiasi","Ramon","Darlena","Scherma"
"Beau","Elnora","Nonaka","Carmine","Kellye","Nuse"
"Zane","Shante","Hernton","Winfred","Marianna","Splinter"
"Chang","Laverne","Durando","Granville","Felicita","Kounkel"
"Randolph","Francesca","Massaquoi","Landon","Marguerita","Mase"
"Arlen","Joane","Mijangos","Raleigh","Margarette","Capello"
"Chas","Gerda","Fede","Rory","Athena","Drath"
"Jame","Ozella","Minock","Roderick","Charmaine","Lavene"
"Salvatore","Johanne","Trivitt","Mose","Krysten","Waldvogel"
"Lorenzo","Garnet","Zoucha","Marcus","Sixta","Glaspy"
"Patrick","Majorie","Bippus","Arden","Catherin","Foeller"
"Keven","Larraine","Torgeson","Vincenzo","Shanel","Rogriguez"
"Shirley","Demetria","Meleo","Bert","Kira","Tepley"
"Sid","Nubia","Eerkes","Marlin","Dannette","Leetch"
"Noe","Milda","Kneeskern","Calvin","Lakeisha","Mceachran"
"Brian","Santana","Toscano","Juan","Margit","Bonasera"
"Eddy","Ola","Hanshaw","Trevor","Gudrun","Nasif"
"Alan","Terrilyn","Copeman","Hilton","Claudine","Senner"
"David","Ashlee","Hynum","Rodrick","Joelle","Bayot"
"Abe","Tish","Queller","Casey","Sabrina","Carlone"
"Omer","Allene","Esbrandt","Florentino","Jen","Rolan"
"Tobias","Jasmine","Farson","Jewell","Freeda","Hermez"
"Ramon","Junie","Mccullon","Lucio","Lakeesha","Lutton"
"Hollis","Stephany","Canino","Elmo","Maurice","Golk"
"Buford","Arminda","Serfoss","Shaun","Jenna","Stitt"
"Norberto","Ermelinda","Wieber","Clyde","Hong","Janowiak"
"Jason","Echo","Yeager","Juan","Magan","Burrows"
"Noe","Sunny","Berra","Johnie","Rosanna","Stemp"
"Adam","Aura","Vanderbeek","Noel","Krystina","Magsayo"
"Jerald","Kathie","Busuttil","Porfirio","Sonia","Diekrager"
"Tyler","Georgiann","Dittmer","Denny","Sharee","Gehris"
"Kendall","Nella","Feduniewicz","Antonio","Zora","Kuras"
"Ike","Evelyne","Mahdi","Wade","Golden","Rheinschmidt"
"Otto","Jaclyn","Rubenfield","Cedrick","Gayle","Kosty"
"Elvin","Zetta","Stennis","Dave","Lawana","Guardian"
"Jeramy","Hoa","Pruett","Brain","Katrina","Foglesong"
"Waldo","Lonnie","Tohen","Michael","Kymberly","Siregar"
"Monroe","Ardelia","Nagano","Elvin","Cherish","Dunker"
"Jarrett","Hyon","Bambace","Johnson","Helena","Scialdone"
"Teodoro","Janey","Baadsgaard","Stephan","Willa","Marrapese"
"Bryan","Yen","Benns","Blake","Mariette","Fetty"
"Ike","Daisy","Scheman","Bobby","Vallie","Kubiak"
"Rico","James","Incomstanti","Darnell","Andra","Setliff"
"Rickey","Emilia","Lienemann","Marlin","Jodee","Wisecarver"
"Cortez","Tegan","Alvord","Terry","Kayleen","Garofano"
"Alva","Trula","Butteris","Oscar","Manie","Garlits"
"Craig","Hyon","Sutfin","Lloyd","Roselyn","Guttery"
"Floyd","Keira","Johnting","Dustin","Shanae","Sewer"
"Charley","Vannesa","Pai","Pete","Kaley","Meinhard"
"Anton","Karma","Roope","Benedict","Phoebe","Sibble"
"Luciano","Mahalia","Rawhoof","Bo","Trudie","Kazi"
"Dane","Elin","Maid","Bruno","Gilberte","Murff"
"Pierre","Tabatha","Haslam","Manual","Tenisha","Allgeyer"
"Frank","Terrilyn","Brezenski","Levi","Conchita","Beringer"
"Erin","Corinne","Froneberger","Wade","Tonette","Nava"
"Ollie","Felicitas","Hunton","Waylon","Charlena","Eickhoff"
"Woodrow","Teresia","Bakke","Sol","Erinn","Seil"
"Mitchel","Anjanette","Aurich","Thad","Rachael","Paguirigan"
"Edmund","Sheena","Gammage","Desmond","Jodee","Brechbill"
"Scott","Marinda","Rodriguz","Harvey","Melodee","Carlis"
"Erasmo","Sunni","Parkhouse","Pasquale","Robbie","Halo"
"Royal","Rosalee","Glauser","Anderson","Lucile","Kounick"
"Arron","Suanne","Miu","Sonny","Ming","Khemmanivong"
"Kerry","Leandra","Siska","Damon","Janelle","Heidelberg"
"Guadalupe","Sharlene","Stelly","Mervin","Darcy","Yafaie"
"Brian","Deeann","Chaderton","Kendrick","Lurlene","Wied"
"Jaime","Margaret","Lucke","Cornell","Annett","Cossaboom"
"Jack","Maryjo","Fullmer","Nolan","Reena","Soscia"
"Charles","Taina","Krishun","Kareem","Chu","Vener"
"Gail","Tracie","Rappold","Deangelo","Maryrose","Hazekamp"
"Agustin","Racquel","Canny","Steven","Rivka","Goble"
"Les","Janean","Huhtala","Clair","Winter","Stecklair"
"Hai","Aleida","Kromka","Jeffery","Marilee","Rinella"
"Chad","Beaulah","Henricksen","Refugio","Cuc","Kevan"
"Erasmo","Faustina","Amory","Sherman","Summer","Writer"
"Stanton","Gertrudis","Vandee","Bradly","Lashawna","Prest"
"Santos","Carylon","Steindorf","Ernie","Tressie","Reynaga"
"Alan","Alfredia","Naki","Gerry","Hanh","Schoeppner"
"Gregg","Arnette","Berken","Cesar","Kelley","Paskow"
"Juan","Nicole","Lettman","Dorsey","Neida","Alleruzzo"
"Gerald","Terry","Glidden","Jared","Nora","Harrow"
"Christian","Elaine","Kubitz","Mike","Dominique","Trombino"
"Grady","Fredda","Gravlin","Brady","Elli","Shells"
"Elbert","Jamey","Heumann","Jaime","Autumn","Lahay"
"Moises","Leota","Cable","Andrew","Diane","Hollowell"
"Virgil","Claris","Rushiti","Chester","Sebrina","Peteet"
"Nelson","Bao","Ernstes","Rico","Vallie","Lopata"
"Eugenio","Penny","Lenhoff","Cleo","Leona","Prondzinski"
"Wendell","Tobi","Likar","Graig","Dollie","Mahapatra"
"Dirk","Brigitte","Burkland","Garth","Danyel","Silmon"
"Benjamin","Loree","Freimark","Jame","Angele","Pulford"
"Marlon","Maurine","Enriguez","Garland","Dorthy","Goon"
"Scot","Miki","Macmillan","Cornelius","Jeane","Haymans"
"Antony","Dotty","Pundsack","Neal","Buffy","Rodenberger"
"Dewitt","Evelynn","Yenor","Trinidad","Lourie","Wiggs"
"Hai","Keri","Abdelhamid","Sterling","Macy","Bart"
"Hank","Claretta","Gilcrease","Rayford","Kathryn","Hertweck"
"Kurt","Sherika","Arlington","Jonathan","Jin","Didriksen"
"Titus","Carroll","Presha","Olin","Mandi","Laguer"
"Darryl","Letha","Ottosen","Merrill","Mercedes","Iker"
"Delbert","Sharie","Muhlestein","Dustin","Carylon","Vermont"
"Yong","Rolande","Holverson","Rusty","Claire","Aggas"
"Ray","Janey","Grafe","Chester","Lizabeth","Janousek"
"Herbert","Melody","Retka","Deshawn","Cary","Villecus"
"Jerrell","Lucienne","Ehrenfeld","Brett","Yoshie","Side"
"Rod","Elmer","Miquelon","August","Wanetta","Mahan"
"Harvey","Melissa","Ricotta","Glen","Milagro","Hartshorn"
"Arlen","Shawnta","Galietti","Colton","Magaly","Cason"
"Jimmie","Shirlee","Donnelley","Silas","Grayce","Keyl"
"Simon","Marivel","Lalinde","Trenton","Paris","Anhorn"
"Gene","Teresita","Stoey","Mel","Mariko","Hallczuk"
"Judson","Nancee","Davick","Stan","Stormy","Delosier"
"Lawerence","Meda","Cordts","Rudy","Sanjuana","Wiesehan"
"Efrain","Milagros","Smallen","Dale","Jannet","Gargano"
"Guillermo","Cherri","Saenger","Clemente","Kirby","Schnautz"
"Hector","Ciera","Feick","Kyle","Shanita","Madras"
"Noel","Zora","Maslow","Quinn","Deana","Seto"
"Carlo","Clementina","Micucci","Elvin","Lorri","Ascolese"
"Augustus","Nakesha","Nosacka","Phillip","Maximina","Beus"
"Tracy","Demetria","Rowser","Shawn","Remona","Hueckman"
"Travis","Jerri","Luster","Seymour","Evalyn","Judge"
"Colin","Corie","Chevalier","Frederick","Jaqueline","Leite"
"Willard","Annelle","Opiela","Caleb","Glinda","Turocy"
"Domenic","Shirl","Repaci","Cyrus","Laverna","Zechman"
"Lacy","Elaine","Kemmerling","Ted","Alyse","Rauschenberg"
"Otha","Rosena","Craker","Rodney","Joye","Winkles"
"Francis","Juliet","Swedeen","Raymon","Bobbi","Bucks"
"Barry","Tamie","Daponte","Allen","Sheri","Skrocki"
"Asa","Alva","Derx","Brenton","Belen","Dekle"
"Herman","Kaci","Davick","Jon","Stella","Houck"
"Marlon","Lura","Petrecca","Nathanial","Merrie","Zimlich"
"Duane","Samatha","Mcbee","Leopoldo","Tanika","Wickers"
"Stephen","Zoila","Reiss","Cornelius","Birdie","Greaver"
"Hayden","Nu","Gebert","Jeremy","Leonora","Neyer"
"Walker","Madelyn","Steinkuehler","Harrison","Janey","Burbage"
"Chet","Zofia","Aikey","Kenneth","Sharen","Lehmer"
"Alexander","Donya","Maenaga","Jc","Maryrose","Hennessey"
"Paul","Solange","Hise","Stanford","Rebbeca","Hutsell"
"Malcom","Teresita","Vanalst","Carter","Stevie","Creque"
"Carlton","Evalyn","Oropesa","Mose","Merna","Schechter"
"Abdul","Cornelia","Delarge","Clark","Jasmin","Barahana"
"Rod","Majorie","Fomby","Kendrick","Yoshiko","Mccosker"
"Johnathon","Susy","Glathar","Genaro","Lori","Cutliff"
"Daron","Nieves","Melberg","Maria","Maryalice","Manganiello"
"Stacey","Jennine","Kenimer","Gerard","Lovetta","Boshears"
"Winfred","Laverne","Dutko","Jarrett","Traci","Molin"
"Micheal","Francene","Calamarino","Perry","Veronique","Bitetto"
"Hilton","Winnifred","Sidhu","Michale","Sheilah","Freije"
"Milan","Yu","Brenneis","Mauricio","Caroline","Gillespi"
"Otha","Shan","Touchette","Chauncey","Essie","Lipscombe"
"Emanuel","Rossana","Paone","Theron","Marianela","Bollis"
"Jae","Judith","Shastri","Daren","Jimmy","Sadowski"
"Wm","Irina","Bransfield","Ramon","Laronda","Jaffy"
"Eddy","Annabell","Petosa","Granville","Ramonita","Nero"
"Graham","Sadie","Stenback","Dana","Romona","Khora"
"Eugenio","Aleshia","Simm","Milford","Chiquita","Galston"
"Gilbert","Erminia","Arvez","Carey","Hoa","Fodor"
"Palmer","Bernie","Frisina","Danilo","Conception","Mowery"
"Dallas","Marketta","Demarcus","Hank","Susanne","Reaux"
"Ignacio","Gregoria","Fludd","Cecil","Rosio","Novara"
"Clarence","Lewis","Maciasz","Shane","Jerlene","Bellingham"
"Jasper","Lesli","Washmuth","Marcelino","Kaycee","Wiebe"
"Evan","Peg","Bayus","Evan","Lasonya","Sliwa"
"Bruce","Beverlee","Hilbner","Billie","Senaida","Saldvir"
"Lee","Somer","Pardy","Newton","Kellye","Mcaulay"
"Kelly","Katlyn","Dabbs","Xavier","Audria","Ostermiller"
"Xavier","Gudrun","Kappe","Willis","Nedra","Flett"
"Diego","Jade","Loeser","Sonny","Sol","Part"
"Edward","Basilia","Molock","Rupert","Kesha","Fieldman"
"Dwayne","Katelynn","Keyl","Earl","Farrah","Sime"
"Everett","Maryjane","Mcconnaughhay","Dominick","Jann","Vandine"
"Hans","Sunday","Denfip","Haywood","Vallie","Gaustad"
"Brendan","Eboni","Tutela","Wilburn","Aleshia","Cramp"
"Stan","Kami","Devoogd","Galen","Hildred","Sabot"
"Stuart","Cassondra","Malkowski","Jonathan","Sharyn","Koppel"
"Burton","Suellen","Scinto","Laverne","Ramona","Simeona"
"Dorian","Georgine","Larue","Gilberto","Jay","Spaid"
"Long","Sidney","Jarvi","Les","Mechelle","Lahey"
"Carter","Ardella","Durate","Rashad","Ladonna","Ruiloba"
"Brad","Alisia","Fairburn","Jordan","Zoe","Auel"
"Kyle","Leontine","Fann","Zack","Reba","Tamaro"
"Russel","Alda","Migues","Lucio","Victor","Ruffolo"
"Carlton","Velvet","Ledet","Jacob","Sydney","Kuiz"
"Chi","Christena","Childers","Rodrick","Stephenie","Beaird"
"Everette","Edna","Bahler","Anton","Kina","Dimanche"
"Aubrey","Ingeborg","Kobialka","Robbie","Dean","Bonifer"
"Santos","Justina","Claes","Cameron","Vashti","Wroe"
"Cortez","Nadine","Parnes","Genaro","Loraine","Ruthman"
"Esteban","Faviola","Krush","Jerold","Sonya","Urbanek"
"Tyler","Arianne","Smyser","Cole","Tanja","Boreland"
"Joey","Renata","Clairday","Winston","Lavette","Varughese"
"Zachariah","Enola","Honeyestewa","Garth","Minna","Hildebrand"
"Alec","Vada","Sprague","Mack","Margarita","Favorito"
"Thaddeus","Iva","Soro","Lacy","Shantell","Likes"
"Jamie","Lou","Farnsworth","Mohammed","Leonida","Figuerda"
"Aron","Julio","Cockley","Jon","Denise","Kissner"
"Nicolas","Yong","Rippel","Shayne","Mireille","Tugman"
"Burl","Leigh","Cicco","Louie","Deneen","Dygert"
"Jae","Allyn","Shinholster","Rudolph","Alesia","Zingarelli"
"King","Awilda","Gessford","Orville","Matthew","Leezer"
"Lacy","Kami","Ferndez","Percy","Tula","Hush"
"Billie","Valeri","Szumny","Isiah","Chu","Haughey"
"Herbert","Maximina","Columbres","Maxwell","Glory","Thomsen"
"Alphonso","Melanie","Willis","Ahmad","Christa","Cademartori"
"Cyrus","Maragret","Zwiebel","Daren","Erika","Huss"
"Claude","Aretha","Rietz","Scotty","Susanna","Russman"
"Cornelius","Katy","Zurmiller","Jewel","Yasmin","Harbolt"
"Phillip","Donella","Koppinger","Stephen","Kristan","Kellstrom"
"Ahmad","Helen","Dudasik","Jimmie","Silvana","Dupree"
"Wilbur","Magaly","Vanelderen","Houston","Lindsey","Taccone"
"Errol","Kate","Fuhr","Phillip","Reiko","Androsky"
"Tomas","Li","Stravinski","Erasmo","Pearlene","Master"
"Jonas","Maryln","Delemos","Fernando","Dora","Linebrink"
"Thurman","Melani","Budy","Neal","Barabara","Beal"
"Odell","Isis","Winnike","Tyree","Ami","Bayliss"
"Devon","Ilse","Scarpitto","Otto","Jacqueline","Wieck"
"Clint","Bernardine","Embleton","Devin","Letty","Apodoca"
"Arron","Tracie","Provenzano","Joaquin","Oleta","Sandhaus"
"Boyd","Sanora","Gregori","Alfonso","Charles","Neis"
"Thanh","Janell","Derrer","Ferdinand","Toi","Rowlett"
"Jack","Maudie","Karpiak","Jaime","Norine","Kister"
"Logan","Rickie","Chillis","Wade","Antionette","Haakinson"
"Jonathon","Marie","Wolffe","Freddy","Kindra","Gauldin"
"Tommy","Laronda","Denapoli","Arthur","Jettie","Hameister"
"Mitchell","Mirta","Mumbower","Dominique","Vanessa","Stanislawski"
"Rodrick","Carolann","Horse","Fernando","Olympia","Larr"
"Dorian","Kimbery","Harvard","Houston","Dawne","Arbuckle"
"Tad","Terresa","Coenen","Curt","Lenna","Nouth"
"Carmen","Lesha","Vazzana","Albert","Jeanetta","Boston"
"Freeman","Sirena","Tuggles","Modesto","Vallie","Doctor"
"Caleb","Trudi","Alto","Andre","Carlena","Cunio"
"Olin","Hye","Bastidas","Billie","Marnie","Vignovich"
"Leigh","Tinisha","Norzagaray","Orval","Lissa","Sexauer"
"Rory","Lavone","Jamir","Refugio","Lorine","Renard"
"Paris","Haley","Roehl","Jarod","Grazyna","Clairmont"
"Bryce","Danyelle","Closs","Wiley","Iris","Clam"
"Christopher","Selene","Mcmikle","Wilton","Alexandria","Veneable"
"Manual","Rosanne","Bostic","Adam","Lakita","Wienert"
"Arden","Roxana","Watcher","Lamont","Lawrence","Mundel"
"Ron","Tangela","Fehrenbach","Santiago","Tobie","Mattan"
"Sergio","Audry","Madaris","Gerald","Anastasia","Buckingham"
"Darius","Detra","Dietsche","Ahmad","Gala","Modisett"